timestamp,I_A,T_pneu,session_id,driver_id
0.0,10.159,27.048,sessao1,A
0.01,9.852,27.022,sessao1,A
0.02,10.088,26.894,sessao1,A
0.03,10.022,26.905,sessao1,A
0.04,9.974,26.827,sessao1,A
0.05,10.56,26.913,sessao1,A
0.06,9.933,26.762,sessao1,A
0.07,10.192,26.623,sessao1,A
0.08,10.562,26.629,sessao1,A
0.09,10.255,26.537,sessao1,A
0.1,10.112,26.644,sessao1,A
0.11,10.347,26.392,sessao1,A
0.12,9.665,26.388,sessao1,A
0.13,9.937,26.334,sessao1,A
0.14,9.634,26.352,sessao1,A
0.15,10.073,26.26,sessao1,A
0.16,10.033,26.19,sessao1,A
0.17,10.377,26.142,sessao1,A
0.18,10.033,26.045,sessao1,A
0.19,9.896,26.164,sessao1,A
0.2,10.151,26.018,sessao1,A
0.21,10.469,25.936,sessao1,A
0.22,10.102,25.952,sessao1,A
0.23,10.551,25.855,sessao1,A
0.24,9.903,25.908,sessao1,A
0.25,10.03,25.889,sessao1,A
0.26,10.417,25.836,sessao1,A
0.27,10.414,25.771,sessao1,A
0.28,10.552,25.676,sessao1,A
0.29,10.129,25.673,sessao1,A
0.3,10.349,25.61,sessao1,A
0.31,10.794,25.625,sessao1,A
0.32,10.463,25.58,sessao1,A
0.33,10.428,25.348,sessao1,A
0.34,10.932,25.486,sessao1,A
0.35,10.479,25.414,sessao1,A
0.36,10.865,25.301,sessao1,A
0.37,9.991,25.279,sessao1,A
0.38,11.001,25.253,sessao1,A
0.39,10.708,25.149,sessao1,A
0.4,10.981,25.119,sessao1,A
0.41,10.709,25.159,sessao1,A
0.42,10.684,25.038,sessao1,A
0.43,11.074,24.994,sessao1,A
0.44,10.655,24.954,sessao1,A
0.45,10.63,24.905,sessao1,A
0.46,10.85,24.975,sessao1,A
0.47,10.774,24.854,sessao1,A
0.48,11.229,24.758,sessao1,A
0.49,10.855,24.799,sessao1,A
0.5,10.776,24.746,sessao1,A
0.51,10.751,24.65,sessao1,A
0.52,11.038,24.659,sessao1,A
0.53,10.484,24.678,sessao1,A
0.54,10.347,24.536,sessao1,A
0.55,11.002,24.453,sessao1,A
0.56,11.178,24.497,sessao1,A
0.57,10.476,24.509,sessao1,A
0.58,11.092,24.397,sessao1,A
0.59,10.543,24.356,sessao1,A
0.6,11.232,24.281,sessao1,A
0.61,11.115,24.299,sessao1,A
0.62,10.439,24.113,sessao1,A
0.63,10.779,24.203,sessao1,A
0.64,10.723,24.196,sessao1,A
0.65,10.407,24.067,sessao1,A
0.66,10.83,24.06,sessao1,A
0.67,10.579,24.102,sessao1,A
0.68,10.855,24.117,sessao1,A
0.69,11.084,23.913,sessao1,A
0.7,11.178,23.882,sessao1,A
0.71,10.649,24.016,sessao1,A
0.72,11.065,23.829,sessao1,A
0.73,10.956,23.756,sessao1,A
0.74,11.091,23.812,sessao1,A
0.75,10.718,23.753,sessao1,A
0.76,11.254,23.729,sessao1,A
0.77,11.295,23.685,sessao1,A
0.78,11.136,23.601,sessao1,A
0.79,11.187,23.592,sessao1,A
0.8,11.332,23.586,sessao1,A
0.81,10.83,23.517,sessao1,A
0.82,11.321,23.506,sessao1,A
0.83,11.495,23.42,sessao1,A
0.84,11.85,23.553,sessao1,A
0.85,11.053,23.415,sessao1,A
0.86,11.224,23.251,sessao1,A
0.87,10.849,23.254,sessao1,A
0.88,11.464,23.216,sessao1,A
0.89,11.314,23.213,sessao1,A
0.9,11.411,23.258,sessao1,A
0.91,11.824,23.221,sessao1,A
0.92,11.645,23.138,sessao1,A
0.93,11.922,23.145,sessao1,A
0.94,11.443,23.06,sessao1,A
0.95,11.183,23.004,sessao1,A
0.96,11.075,23.025,sessao1,A
0.97,11.774,23.069,sessao1,A
0.98,11.505,23.031,sessao1,A
0.99,11.596,22.943,sessao1,A
1.0,11.167,22.862,sessao1,A
1.01,11.632,22.842,sessao1,A
1.02,11.702,22.832,sessao1,A
1.03,11.664,22.763,sessao1,A
1.04,12.018,22.718,sessao1,A
1.05,11.834,22.757,sessao1,A
1.06,11.78,22.716,sessao1,A
1.07,11.981,22.639,sessao1,A
1.08,11.032,22.581,sessao1,A
1.09,11.502,22.576,sessao1,A
1.1,11.321,22.54,sessao1,A
1.11,11.929,22.586,sessao1,A
1.12,11.593,22.538,sessao1,A
1.13,11.3,22.473,sessao1,A
1.14,10.882,22.402,sessao1,A
1.15,12.158,22.305,sessao1,A
1.16,11.595,22.359,sessao1,A
1.17,11.568,22.332,sessao1,A
1.18,11.385,22.253,sessao1,A
1.19,11.635,22.179,sessao1,A
1.2,11.618,22.24,sessao1,A
1.21,11.734,22.231,sessao1,A
1.22,11.689,22.184,sessao1,A
1.23,11.399,22.121,sessao1,A
1.24,11.84,22.129,sessao1,A
1.25,11.788,22.107,sessao1,A
1.26,11.89,22.001,sessao1,A
1.27,11.568,22.029,sessao1,A
1.28,11.882,21.935,sessao1,A
1.29,11.685,21.955,sessao1,A
1.3,11.476,21.881,sessao1,A
1.31,11.308,21.877,sessao1,A
1.32,11.101,21.912,sessao1,A
1.33,11.028,21.77,sessao1,A
1.34,11.598,21.825,sessao1,A
1.35,11.664,21.77,sessao1,A
1.36,11.72,21.787,sessao1,A
1.37,11.284,21.693,sessao1,A
1.38,11.595,21.628,sessao1,A
1.39,11.318,21.675,sessao1,A
1.4,11.694,21.61,sessao1,A
1.41,11.52,21.704,sessao1,A
1.42,12.017,21.64,sessao1,A
1.43,11.694,21.559,sessao1,A
1.44,11.24,21.455,sessao1,A
1.45,11.573,21.471,sessao1,A
1.46,11.271,21.53,sessao1,A
1.47,11.692,21.495,sessao1,A
1.48,11.528,21.385,sessao1,A
1.49,11.392,21.439,sessao1,A
1.5,11.437,21.432,sessao1,A
1.51,11.337,21.344,sessao1,A
1.52,11.638,21.34,sessao1,A
1.53,11.217,21.239,sessao1,A
1.54,11.129,21.193,sessao1,A
1.55,11.89,21.224,sessao1,A
1.56,11.151,21.196,sessao1,A
1.57,11.852,21.075,sessao1,A
1.58,11.531,21.162,sessao1,A
1.59,10.908,21.131,sessao1,A
1.6,10.989,21.101,sessao1,A
1.61,11.583,21.075,sessao1,A
1.62,11.083,20.952,sessao1,A
1.63,11.3,21.037,sessao1,A
1.64,10.952,21.004,sessao1,A
1.65,11.026,21.075,sessao1,A
1.66,11.952,20.882,sessao1,A
1.67,11.291,20.942,sessao1,A
1.68,11.463,20.87,sessao1,A
1.69,11.623,20.854,sessao1,A
1.7,11.26,20.833,sessao1,A
1.71,11.035,20.817,sessao1,A
1.72,11.596,20.721,sessao1,A
1.73,11.392,20.733,sessao1,A
1.74,11.155,20.75,sessao1,A
1.75,10.933,20.714,sessao1,A
1.76,10.612,20.699,sessao1,A
1.77,10.994,20.646,sessao1,A
1.78,11.545,20.695,sessao1,A
1.79,11.041,20.603,sessao1,A
1.8,11.225,20.623,sessao1,A
1.81,11.294,20.593,sessao1,A
1.82,11.813,20.515,sessao1,A
1.83,10.82,20.47,sessao1,A
1.84,11.23,20.426,sessao1,A
1.85,11.743,20.453,sessao1,A
1.86,10.643,20.36,sessao1,A
1.87,10.675,20.312,sessao1,A
1.88,11.212,20.387,sessao1,A
1.89,11.329,20.415,sessao1,A
1.9,10.603,20.358,sessao1,A
1.91,11.215,20.329,sessao1,A
1.92,10.834,20.246,sessao1,A
1.93,10.677,20.218,sessao1,A
1.94,11.468,20.181,sessao1,A
1.95,11.554,20.226,sessao1,A
1.96,10.709,20.17,sessao1,A
1.97,10.289,20.175,sessao1,A
1.98,10.951,20.163,sessao1,A
1.99,10.591,20.128,sessao1,A
2.0,11.267,20.136,sessao1,A
2.01,10.823,20.1,sessao1,A
2.02,10.377,20.074,sessao1,A
2.03,11.257,19.995,sessao1,A
2.04,10.718,20.058,sessao1,A
2.05,10.56,19.967,sessao1,A
2.06,11.306,19.966,sessao1,A
2.07,10.869,19.924,sessao1,A
2.08,10.612,19.916,sessao1,A
2.09,10.908,19.911,sessao1,A
2.1,10.17,19.907,sessao1,A
2.11,10.367,19.826,sessao1,A
2.12,10.635,19.914,sessao1,A
2.13,11.133,19.695,sessao1,A
2.14,10.496,19.739,sessao1,A
2.15,10.779,19.755,sessao1,A
2.16,11.003,19.788,sessao1,A
2.17,10.992,19.8,sessao1,A
2.18,10.789,19.651,sessao1,A
2.19,9.802,19.795,sessao1,A
2.2,10.732,19.689,sessao1,A
2.21,11.158,19.647,sessao1,A
2.22,10.34,19.661,sessao1,A
2.23,10.179,19.583,sessao1,A
2.24,10.536,19.604,sessao1,A
2.25,10.575,19.465,sessao1,A
2.26,10.643,19.538,sessao1,A
2.27,10.306,19.517,sessao1,A
2.28,10.485,19.475,sessao1,A
2.29,10.531,19.545,sessao1,A
2.3,10.5,19.512,sessao1,A
2.31,10.035,19.459,sessao1,A
2.32,10.519,19.359,sessao1,A
2.33,11.227,19.373,sessao1,A
2.34,10.267,19.372,sessao1,A
2.35,9.663,19.376,sessao1,A
2.36,10.207,19.403,sessao1,A
2.37,10.453,19.304,sessao1,A
2.38,10.135,19.357,sessao1,A
2.39,10.114,19.302,sessao1,A
2.4,10.275,19.208,sessao1,A
2.41,10.207,19.232,sessao1,A
2.42,10.459,19.215,sessao1,A
2.43,10.287,19.272,sessao1,A
2.44,10.18,19.145,sessao1,A
2.45,10.4,19.183,sessao1,A
2.46,10.415,19.182,sessao1,A
2.47,10.394,19.086,sessao1,A
2.48,10.004,19.105,sessao1,A
2.49,10.207,19.151,sessao1,A
2.5,10.326,19.083,sessao1,A
2.51,9.55,19.062,sessao1,A
2.52,9.495,19.133,sessao1,A
2.53,10.231,19.085,sessao1,A
2.54,10.134,18.991,sessao1,A
2.55,9.824,18.881,sessao1,A
2.56,10.352,19.017,sessao1,A
2.57,10.283,18.962,sessao1,A
2.58,10.393,19.059,sessao1,A
2.59,9.988,18.956,sessao1,A
2.6,9.474,18.884,sessao1,A
2.61,9.733,18.917,sessao1,A
2.62,9.826,18.83,sessao1,A
2.63,9.847,18.807,sessao1,A
2.64,9.441,18.847,sessao1,A
2.65,9.478,18.728,sessao1,A
2.66,9.834,18.784,sessao1,A
2.67,9.822,18.776,sessao1,A
2.68,10.078,18.765,sessao1,A
2.69,9.916,18.757,sessao1,A
2.7,9.777,18.757,sessao1,A
2.71,10.078,18.803,sessao1,A
2.72,9.597,18.76,sessao1,A
2.73,9.774,18.631,sessao1,A
2.74,9.47,18.659,sessao1,A
2.75,10.441,18.663,sessao1,A
2.76,9.361,18.673,sessao1,A
2.77,9.394,18.641,sessao1,A
2.78,9.33,18.644,sessao1,A
2.79,9.649,18.615,sessao1,A
2.8,9.307,18.579,sessao1,A
2.81,9.659,18.488,sessao1,A
2.82,9.458,18.589,sessao1,A
2.83,9.065,18.571,sessao1,A
2.84,9.559,18.56,sessao1,A
2.85,8.845,18.404,sessao1,A
2.86,9.151,18.465,sessao1,A
2.87,9.638,18.328,sessao1,A
2.88,9.371,18.48,sessao1,A
2.89,9.299,18.365,sessao1,A
2.9,9.559,18.476,sessao1,A
2.91,9.046,18.368,sessao1,A
2.92,8.887,18.394,sessao1,A
2.93,8.852,18.367,sessao1,A
2.94,9.116,18.242,sessao1,A
2.95,9.097,18.347,sessao1,A
2.96,9.715,18.294,sessao1,A
2.97,8.922,18.392,sessao1,A
2.98,9.518,18.391,sessao1,A
2.99,9.387,18.253,sessao1,A
3.0,8.365,18.22,sessao1,A
3.01,9.818,18.228,sessao1,A
3.02,9.121,18.229,sessao1,A
3.03,9.56,18.196,sessao1,A
3.04,8.71,18.164,sessao1,A
3.05,9.012,18.2,sessao1,A
3.06,9.304,18.172,sessao1,A
3.07,9.255,18.157,sessao1,A
3.08,8.931,18.137,sessao1,A
3.09,9.16,18.167,sessao1,A
3.1,8.516,18.155,sessao1,A
3.11,8.174,18.104,sessao1,A
3.12,8.936,18.056,sessao1,A
3.13,9.238,18.015,sessao1,A
3.14,9.124,18.002,sessao1,A
3.15,8.999,18.058,sessao1,A
3.16,8.743,17.913,sessao1,A
3.17,8.546,18.01,sessao1,A
3.18,9.071,18.002,sessao1,A
3.19,8.789,17.974,sessao1,A
3.2,8.633,17.93,sessao1,A
3.21,8.533,17.881,sessao1,A
3.22,8.829,18.007,sessao1,A
3.23,8.939,17.956,sessao1,A
3.24,9.1,17.819,sessao1,A
3.25,8.822,17.824,sessao1,A
3.26,8.805,17.937,sessao1,A
3.27,8.182,17.857,sessao1,A
3.28,9.321,17.811,sessao1,A
3.29,8.908,17.9,sessao1,A
3.3,8.311,17.82,sessao1,A
3.31,8.848,17.886,sessao1,A
3.32,9.06,17.851,sessao1,A
3.33,8.951,17.73,sessao1,A
3.34,8.667,17.757,sessao1,A
3.35,8.504,17.773,sessao1,A
3.36,8.823,17.796,sessao1,A
3.37,8.36,17.684,sessao1,A
3.38,8.406,17.659,sessao1,A
3.39,8.897,17.693,sessao1,A
3.4,8.587,17.644,sessao1,A
3.41,9.07,17.744,sessao1,A
3.42,8.773,17.709,sessao1,A
3.43,9.052,17.711,sessao1,A
3.44,8.832,17.662,sessao1,A
3.45,8.101,17.595,sessao1,A
3.46,8.265,17.606,sessao1,A
3.47,8.484,17.62,sessao1,A
3.48,8.644,17.64,sessao1,A
3.49,8.402,17.576,sessao1,A
3.5,8.74,17.598,sessao1,A
3.51,8.196,17.558,sessao1,A
3.52,8.429,17.539,sessao1,A
3.53,8.973,17.504,sessao1,A
3.54,8.801,17.563,sessao1,A
3.55,7.958,17.374,sessao1,A
3.56,8.949,17.515,sessao1,A
3.57,8.839,17.482,sessao1,A
3.58,8.806,17.445,sessao1,A
3.59,7.87,17.526,sessao1,A
3.6,8.72,17.457,sessao1,A
3.61,8.394,17.501,sessao1,A
3.62,8.009,17.402,sessao1,A
3.63,8.098,17.529,sessao1,A
3.64,8.458,17.379,sessao1,A
3.65,8.655,17.383,sessao1,A
3.66,8.695,17.424,sessao1,A
3.67,8.579,17.299,sessao1,A
3.68,8.213,17.449,sessao1,A
3.69,8.518,17.387,sessao1,A
3.7,9.041,17.326,sessao1,A
3.71,8.47,17.393,sessao1,A
3.72,8.787,17.32,sessao1,A
3.73,8.58,17.284,sessao1,A
3.74,8.52,17.258,sessao1,A
3.75,8.082,17.263,sessao1,A
3.76,8.399,17.299,sessao1,A
3.77,8.54,17.275,sessao1,A
3.78,8.476,17.281,sessao1,A
3.79,8.321,17.236,sessao1,A
3.8,8.447,17.224,sessao1,A
3.81,8.545,17.192,sessao1,A
3.82,8.504,17.073,sessao1,A
3.83,8.433,17.067,sessao1,A
3.84,8.663,17.177,sessao1,A
3.85,8.835,17.164,sessao1,A
3.86,8.709,17.225,sessao1,A
3.87,9.015,17.08,sessao1,A
3.88,7.974,17.145,sessao1,A
3.89,8.238,17.223,sessao1,A
3.9,9.331,17.133,sessao1,A
3.91,8.016,17.051,sessao1,A
3.92,8.581,17.178,sessao1,A
3.93,8.204,17.062,sessao1,A
3.94,8.673,17.196,sessao1,A
3.95,9.263,17.059,sessao1,A
3.96,8.47,17.087,sessao1,A
3.97,8.44,17.104,sessao1,A
3.98,8.916,17.027,sessao1,A
3.99,8.487,17.007,sessao1,A
4.0,8.186,16.985,sessao1,A
4.01,8.432,17.034,sessao1,A
4.02,9.292,16.917,sessao1,A
4.03,8.552,16.959,sessao1,A
4.04,8.321,16.982,sessao1,A
4.05,8.602,16.893,sessao1,A
4.06,8.879,16.922,sessao1,A
4.07,8.62,16.939,sessao1,A
4.08,8.51,16.99,sessao1,A
4.09,8.342,16.963,sessao1,A
4.1,8.475,16.952,sessao1,A
4.11,9.017,16.937,sessao1,A
4.12,8.077,16.881,sessao1,A
4.13,8.984,16.89,sessao1,A
4.14,8.541,16.804,sessao1,A
4.15,9.102,16.989,sessao1,A
4.16,8.685,16.927,sessao1,A
4.17,8.895,16.835,sessao1,A
4.18,8.283,16.895,sessao1,A
4.19,8.469,16.873,sessao1,A
4.2,9.064,16.924,sessao1,A
4.21,8.716,16.882,sessao1,A
4.22,8.608,16.704,sessao1,A
4.23,9.299,16.768,sessao1,A
4.24,8.69,16.817,sessao1,A
4.25,8.879,16.781,sessao1,A
4.26,8.474,16.759,sessao1,A
4.27,8.933,16.659,sessao1,A
4.28,8.781,16.788,sessao1,A
4.29,8.822,16.663,sessao1,A
4.3,9.16,16.799,sessao1,A
4.31,8.964,16.75,sessao1,A
4.32,9.143,16.709,sessao1,A
4.33,8.834,16.666,sessao1,A
4.34,8.724,16.667,sessao1,A
4.35,8.933,16.671,sessao1,A
4.36,9.002,16.577,sessao1,A
4.37,9.136,16.751,sessao1,A
4.38,8.724,16.722,sessao1,A
4.39,8.72,16.624,sessao1,A
4.4,8.723,16.691,sessao1,A
4.41,8.869,16.668,sessao1,A
4.42,8.613,16.774,sessao1,A
4.43,9.0,16.625,sessao1,A
4.44,9.152,16.577,sessao1,A
4.45,9.171,16.662,sessao1,A
4.46,8.788,16.592,sessao1,A
4.47,9.338,16.61,sessao1,A
4.48,9.001,16.616,sessao1,A
4.49,9.184,16.571,sessao1,A
4.5,9.124,16.504,sessao1,A
4.51,8.968,16.523,sessao1,A
4.52,9.37,16.632,sessao1,A
4.53,9.28,16.494,sessao1,A
4.54,9.317,16.592,sessao1,A
4.55,9.509,16.543,sessao1,A
4.56,9.343,16.394,sessao1,A
4.57,9.322,16.473,sessao1,A
4.58,9.146,16.426,sessao1,A
4.59,9.138,16.468,sessao1,A
4.6,9.597,16.465,sessao1,A
4.61,8.588,16.399,sessao1,A
4.62,8.88,16.41,sessao1,A
4.63,9.212,16.505,sessao1,A
4.64,9.175,16.455,sessao1,A
4.65,9.451,16.389,sessao1,A
4.66,9.549,16.313,sessao1,A
4.67,9.745,16.377,sessao1,A
4.68,9.683,16.455,sessao1,A
4.69,9.243,16.363,sessao1,A
4.7,9.454,16.441,sessao1,A
4.71,9.409,16.396,sessao1,A
4.72,9.005,16.326,sessao1,A
4.73,9.123,16.335,sessao1,A
4.74,9.494,16.342,sessao1,A
4.75,9.337,16.34,sessao1,A
4.76,9.805,16.401,sessao1,A
4.77,9.426,16.392,sessao1,A
4.78,9.311,16.371,sessao1,A
4.79,9.528,16.396,sessao1,A
4.8,9.659,16.379,sessao1,A
4.81,9.561,16.354,sessao1,A
4.82,9.612,16.247,sessao1,A
4.83,9.552,16.213,sessao1,A
4.84,8.883,16.203,sessao1,A
4.85,9.636,16.316,sessao1,A
4.86,9.455,16.274,sessao1,A
4.87,9.849,16.258,sessao1,A
4.88,9.836,16.289,sessao1,A
4.89,10.003,16.323,sessao1,A
4.9,9.763,16.326,sessao1,A
4.91,9.28,16.305,sessao1,A
4.92,9.927,16.214,sessao1,A
4.93,9.413,16.193,sessao1,A
4.94,8.846,16.243,sessao1,A
4.95,10.067,16.191,sessao1,A
4.96,10.716,16.157,sessao1,A
4.97,9.67,16.156,sessao1,A
4.98,10.209,16.188,sessao1,A
4.99,9.426,16.246,sessao1,A
5.0,9.812,16.173,sessao1,A
5.01,9.83,16.203,sessao1,A
5.02,9.538,16.156,sessao1,A
5.03,10.03,16.236,sessao1,A
5.04,10.362,16.161,sessao1,A
5.05,10.329,16.177,sessao1,A
5.06,9.634,16.132,sessao1,A
5.07,9.599,16.143,sessao1,A
5.08,10.348,16.172,sessao1,A
5.09,9.965,16.066,sessao1,A
5.1,9.825,16.23,sessao1,A
5.11,10.103,16.072,sessao1,A
5.12,10.597,16.05,sessao1,A
5.13,9.843,16.068,sessao1,A
5.14,9.634,16.082,sessao1,A
5.15,9.972,16.181,sessao1,A
5.16,10.64,16.094,sessao1,A
5.17,9.967,16.036,sessao1,A
5.18,10.091,16.056,sessao1,A
5.19,10.08,16.027,sessao1,A
5.2,10.85,15.986,sessao1,A
5.21,10.58,16.115,sessao1,A
5.22,10.352,16.026,sessao1,A
5.23,10.374,16.012,sessao1,A
5.24,10.228,15.995,sessao1,A
5.25,10.606,16.087,sessao1,A
5.26,10.237,15.986,sessao1,A
5.27,10.841,15.935,sessao1,A
5.28,10.773,15.984,sessao1,A
5.29,10.875,15.876,sessao1,A
5.3,10.656,15.964,sessao1,A
5.31,10.573,16.008,sessao1,A
5.32,10.492,15.968,sessao1,A
5.33,10.315,15.952,sessao1,A
5.34,10.644,16.043,sessao1,A
5.35,10.583,15.896,sessao1,A
5.36,10.44,15.876,sessao1,A
5.37,10.656,15.977,sessao1,A
5.38,10.351,15.928,sessao1,A
5.39,11.258,15.938,sessao1,A
5.4,10.647,15.982,sessao1,A
5.41,11.203,15.894,sessao1,A
5.42,10.906,15.881,sessao1,A
5.43,10.732,15.895,sessao1,A
5.44,10.325,15.911,sessao1,A
5.45,11.087,15.988,sessao1,A
5.46,10.726,15.865,sessao1,A
5.47,10.946,15.952,sessao1,A
5.48,10.67,15.916,sessao1,A
5.49,10.352,15.849,sessao1,A
5.5,10.607,15.903,sessao1,A
5.51,10.623,15.948,sessao1,A
5.52,11.02,15.884,sessao1,A
5.53,10.679,15.916,sessao1,A
5.54,11.076,15.889,sessao1,A
5.55,10.922,15.811,sessao1,A
5.56,11.219,15.741,sessao1,A
5.57,11.376,15.896,sessao1,A
5.58,10.581,15.801,sessao1,A
5.59,11.663,15.89,sessao1,A
5.6,11.144,15.821,sessao1,A
5.61,10.998,15.812,sessao1,A
5.62,10.877,15.906,sessao1,A
5.63,11.427,15.801,sessao1,A
5.64,10.869,15.836,sessao1,A
5.65,11.118,15.801,sessao1,A
5.66,11.137,15.826,sessao1,A
5.67,11.028,15.811,sessao1,A
5.68,11.657,15.74,sessao1,A
5.69,11.106,15.722,sessao1,A
5.7,10.888,15.775,sessao1,A
5.71,10.927,15.704,sessao1,A
5.72,10.938,15.729,sessao1,A
5.73,10.79,15.683,sessao1,A
5.74,11.114,15.746,sessao1,A
5.75,11.194,15.785,sessao1,A
5.76,11.299,15.69,sessao1,A
5.77,11.432,15.703,sessao1,A
5.78,11.016,15.761,sessao1,A
5.79,11.729,15.685,sessao1,A
5.8,10.916,15.692,sessao1,A
5.81,11.034,15.722,sessao1,A
5.82,11.068,15.817,sessao1,A
5.83,11.687,15.655,sessao1,A
5.84,11.091,15.675,sessao1,A
5.85,11.206,15.698,sessao1,A
5.86,11.064,15.684,sessao1,A
5.87,11.523,15.737,sessao1,A
5.88,11.21,15.675,sessao1,A
5.89,11.204,15.685,sessao1,A
5.9,11.346,15.694,sessao1,A
5.91,11.539,15.62,sessao1,A
5.92,11.468,15.628,sessao1,A
5.93,11.448,15.669,sessao1,A
5.94,11.983,15.72,sessao1,A
5.95,11.636,15.59,sessao1,A
5.96,11.185,15.63,sessao1,A
5.97,11.708,15.731,sessao1,A
5.98,11.652,15.645,sessao1,A
5.99,11.448,15.689,sessao1,A
6.0,10.925,15.622,sessao1,A
6.01,11.826,15.596,sessao1,A
6.02,12.155,15.614,sessao1,A
6.03,10.953,15.614,sessao1,A
6.04,11.806,15.644,sessao1,A
6.05,11.518,15.589,sessao1,A
6.06,11.112,15.566,sessao1,A
6.07,11.648,15.583,sessao1,A
6.08,11.617,15.61,sessao1,A
6.09,11.733,15.645,sessao1,A
6.1,12.297,15.668,sessao1,A
6.11,11.584,15.607,sessao1,A
6.12,11.65,15.485,sessao1,A
6.13,11.387,15.595,sessao1,A
6.14,11.193,15.533,sessao1,A
6.15,11.365,15.601,sessao1,A
6.16,11.555,15.622,sessao1,A
6.17,11.06,15.626,sessao1,A
6.18,11.686,15.544,sessao1,A
6.19,11.606,15.547,sessao1,A
6.2,10.734,15.629,sessao1,A
6.21,11.659,15.488,sessao1,A
6.22,11.811,15.48,sessao1,A
6.23,11.3,15.563,sessao1,A
6.24,11.375,15.577,sessao1,A
6.25,11.424,15.607,sessao1,A
6.26,11.377,15.454,sessao1,A
6.27,11.498,15.576,sessao1,A
6.28,11.44,15.602,sessao1,A
6.29,11.627,15.45,sessao1,A
6.3,11.183,15.516,sessao1,A
6.31,11.59,15.397,sessao1,A
6.32,11.072,15.498,sessao1,A
6.33,11.327,15.581,sessao1,A
6.34,11.558,15.442,sessao1,A
6.35,11.922,15.389,sessao1,A
6.36,11.868,15.546,sessao1,A
6.37,11.33,15.457,sessao1,A
6.38,11.589,15.51,sessao1,A
6.39,11.976,15.486,sessao1,A
6.4,11.751,15.406,sessao1,A
6.41,11.432,15.457,sessao1,A
6.42,11.538,15.533,sessao1,A
6.43,11.713,15.439,sessao1,A
6.44,11.246,15.462,sessao1,A
6.45,11.151,15.367,sessao1,A
6.46,10.851,15.462,sessao1,A
6.47,11.86,15.358,sessao1,A
6.48,11.602,15.375,sessao1,A
6.49,11.625,15.404,sessao1,A
6.5,10.836,15.45,sessao1,A
6.51,11.289,15.419,sessao1,A
6.52,11.548,15.516,sessao1,A
6.53,11.774,15.442,sessao1,A
6.54,11.566,15.343,sessao1,A
6.55,11.27,15.44,sessao1,A
6.56,11.177,15.488,sessao1,A
6.57,11.664,15.358,sessao1,A
6.58,12.118,15.335,sessao1,A
6.59,11.339,15.35,sessao1,A
6.6,11.03,15.337,sessao1,A
6.61,10.898,15.34,sessao1,A
6.62,10.722,15.377,sessao1,A
6.63,11.38,15.407,sessao1,A
6.64,11.405,15.342,sessao1,A
6.65,11.183,15.297,sessao1,A
6.66,11.056,15.388,sessao1,A
6.67,10.916,15.395,sessao1,A
6.68,11.486,15.413,sessao1,A
6.69,11.461,15.331,sessao1,A
6.7,11.215,15.316,sessao1,A
6.71,11.461,15.305,sessao1,A
6.72,11.229,15.294,sessao1,A
6.73,11.591,15.374,sessao1,A
6.74,11.324,15.287,sessao1,A
6.75,11.218,15.268,sessao1,A
6.76,11.579,15.316,sessao1,A
6.77,10.811,15.358,sessao1,A
6.78,11.358,15.485,sessao1,A
6.79,10.76,15.296,sessao1,A
6.8,11.25,15.303,sessao1,A
6.81,11.306,15.324,sessao1,A
6.82,10.916,15.253,sessao1,A
6.83,11.449,15.272,sessao1,A
6.84,11.147,15.31,sessao1,A
6.85,10.25,15.321,sessao1,A
6.86,10.866,15.357,sessao1,A
6.87,11.811,15.314,sessao1,A
6.88,10.916,15.347,sessao1,A
6.89,10.765,15.245,sessao1,A
6.9,10.472,15.343,sessao1,A
6.91,11.06,15.32,sessao1,A
6.92,10.985,15.3,sessao1,A
6.93,10.993,15.176,sessao1,A
6.94,10.606,15.253,sessao1,A
6.95,10.957,15.17,sessao1,A
6.96,10.919,15.307,sessao1,A
6.97,10.899,15.304,sessao1,A
6.98,11.348,15.272,sessao1,A
6.99,11.32,15.236,sessao1,A
7.0,10.841,15.234,sessao1,A
7.01,10.784,15.181,sessao1,A
7.02,10.668,15.22,sessao1,A
7.03,11.3,15.322,sessao1,A
7.04,10.568,15.215,sessao1,A
7.05,10.247,15.258,sessao1,A
7.06,10.473,15.233,sessao1,A
7.07,10.397,15.293,sessao1,A
7.08,10.571,15.226,sessao1,A
7.09,10.804,15.235,sessao1,A
7.1,10.889,15.26,sessao1,A
7.11,10.002,15.148,sessao1,A
7.12,10.453,15.22,sessao1,A
7.13,10.86,15.19,sessao1,A
7.14,10.621,15.213,sessao1,A
7.15,10.194,15.22,sessao1,A
7.16,10.742,15.143,sessao1,A
7.17,10.494,15.186,sessao1,A
7.18,10.88,15.288,sessao1,A
7.19,10.552,15.305,sessao1,A
7.2,10.335,15.324,sessao1,A
7.21,11.179,15.207,sessao1,A
7.22,10.241,15.171,sessao1,A
7.23,10.508,15.103,sessao1,A
7.24,10.4,15.106,sessao1,A
7.25,10.978,15.24,sessao1,A
7.26,10.377,15.175,sessao1,A
7.27,10.771,15.209,sessao1,A
7.28,9.843,15.245,sessao1,A
7.29,10.752,15.122,sessao1,A
7.3,10.763,15.195,sessao1,A
7.31,10.438,15.13,sessao1,A
7.32,10.763,15.15,sessao1,A
7.33,10.247,15.12,sessao1,A
7.34,9.569,14.951,sessao1,A
7.35,10.1,15.166,sessao1,A
7.36,10.167,15.101,sessao1,A
7.37,10.612,15.157,sessao1,A
7.38,10.266,15.108,sessao1,A
7.39,10.23,15.24,sessao1,A
7.4,9.905,15.164,sessao1,A
7.41,9.985,15.151,sessao1,A
7.42,10.314,15.181,sessao1,A
7.43,10.244,15.182,sessao1,A
7.44,9.735,15.163,sessao1,A
7.45,10.466,15.139,sessao1,A
7.46,10.01,15.12,sessao1,A
7.47,10.428,15.145,sessao1,A
7.48,10.05,15.196,sessao1,A
7.49,9.884,15.111,sessao1,A
7.5,10.174,15.178,sessao1,A
7.51,10.01,15.074,sessao1,A
7.52,9.773,15.165,sessao1,A
7.53,10.495,15.156,sessao1,A
7.54,10.246,15.017,sessao1,A
7.55,9.61,15.112,sessao1,A
7.56,10.001,15.17,sessao1,A
7.57,10.161,15.1,sessao1,A
7.58,10.343,15.234,sessao1,A
7.59,9.899,15.077,sessao1,A
7.6,9.69,15.115,sessao1,A
7.61,9.915,15.097,sessao1,A
7.62,10.182,15.097,sessao1,A
7.63,9.619,15.066,sessao1,A
7.64,9.398,14.973,sessao1,A
7.65,9.715,15.157,sessao1,A
7.66,9.316,15.077,sessao1,A
7.67,9.627,15.109,sessao1,A
7.68,9.922,15.028,sessao1,A
7.69,9.781,15.019,sessao1,A
7.7,9.415,15.071,sessao1,A
7.71,10.104,15.094,sessao1,A
7.72,9.713,15.037,sessao1,A
7.73,9.381,15.117,sessao1,A
7.74,9.462,14.982,sessao1,A
7.75,9.088,15.061,sessao1,A
7.76,9.319,15.083,sessao1,A
7.77,8.899,15.095,sessao1,A
7.78,9.733,14.925,sessao1,A
7.79,8.967,15.061,sessao1,A
7.8,8.464,15.03,sessao1,A
7.81,9.433,15.003,sessao1,A
7.82,9.598,14.959,sessao1,A
7.83,9.716,14.969,sessao1,A
7.84,8.895,15.018,sessao1,A
7.85,8.971,15.053,sessao1,A
7.86,9.34,15.038,sessao1,A
7.87,9.655,15.07,sessao1,A
7.88,9.448,14.946,sessao1,A
7.89,9.53,15.003,sessao1,A
7.9,9.622,14.991,sessao1,A
7.91,9.513,15.079,sessao1,A
7.92,9.105,14.965,sessao1,A
7.93,9.372,14.967,sessao1,A
7.94,9.323,15.023,sessao1,A
7.95,8.651,14.933,sessao1,A
7.96,9.28,14.967,sessao1,A
7.97,9.029,15.008,sessao1,A
7.98,9.183,15.016,sessao1,A
7.99,9.692,14.968,sessao1,A
8.0,8.869,14.886,sessao1,A
8.01,9.596,15.007,sessao1,A
8.02,8.915,15.061,sessao1,A
8.03,9.381,15.072,sessao1,A
8.04,9.094,14.959,sessao1,A
8.05,8.985,15.01,sessao1,A
8.06,9.048,14.992,sessao1,A
8.07,8.42,14.998,sessao1,A
8.08,9.177,14.985,sessao1,A
8.09,9.172,14.871,sessao1,A
8.1,9.165,15.066,sessao1,A
8.11,9.159,15.018,sessao1,A
8.12,8.856,14.953,sessao1,A
8.13,8.752,14.989,sessao1,A
8.14,9.174,14.974,sessao1,A
8.15,9.222,14.972,sessao1,A
8.16,8.999,15.033,sessao1,A
8.17,9.112,14.881,sessao1,A
8.18,9.036,14.947,sessao1,A
8.19,9.111,14.923,sessao1,A
8.2,8.514,14.907,sessao1,A
8.21,8.817,14.918,sessao1,A
8.22,9.015,15.02,sessao1,A
8.23,9.333,14.951,sessao1,A
8.24,8.958,15.005,sessao1,A
8.25,9.207,14.949,sessao1,A
8.26,9.193,14.929,sessao1,A
8.27,8.284,15.09,sessao1,A
8.28,8.647,15.004,sessao1,A
8.29,8.914,14.95,sessao1,A
8.3,8.568,14.947,sessao1,A
8.31,8.581,14.904,sessao1,A
8.32,9.258,15.074,sessao1,A
8.33,9.138,14.944,sessao1,A
8.34,8.807,14.945,sessao1,A
8.35,8.331,15.021,sessao1,A
8.36,8.78,14.882,sessao1,A
8.37,8.613,14.966,sessao1,A
8.38,8.811,14.897,sessao1,A
8.39,8.617,14.953,sessao1,A
8.4,8.543,14.923,sessao1,A
8.41,8.536,14.83,sessao1,A
8.42,8.593,14.955,sessao1,A
8.43,8.687,14.914,sessao1,A
8.44,8.732,14.934,sessao1,A
8.45,7.877,14.908,sessao1,A
8.46,8.864,14.931,sessao1,A
8.47,7.993,14.894,sessao1,A
8.48,8.967,14.833,sessao1,A
8.49,8.793,14.948,sessao1,A
8.5,9.148,14.871,sessao1,A
8.51,8.611,14.86,sessao1,A
8.52,8.564,14.882,sessao1,A
8.53,8.454,14.937,sessao1,A
8.54,8.45,14.958,sessao1,A
8.55,8.537,14.92,sessao1,A
8.56,8.079,14.88,sessao1,A
8.57,7.855,14.85,sessao1,A
8.58,8.759,14.935,sessao1,A
8.59,8.599,14.92,sessao1,A
8.6,9.051,14.823,sessao1,A
8.61,8.474,14.868,sessao1,A
8.62,9.078,14.882,sessao1,A
8.63,8.297,14.889,sessao1,A
8.64,8.704,14.96,sessao1,A
8.65,8.435,14.953,sessao1,A
8.66,8.08,14.876,sessao1,A
8.67,8.348,14.883,sessao1,A
8.68,8.737,14.871,sessao1,A
8.69,8.636,14.818,sessao1,A
8.7,8.504,14.879,sessao1,A
8.71,8.718,14.935,sessao1,A
8.72,8.404,14.931,sessao1,A
8.73,9.066,14.964,sessao1,A
8.74,8.299,14.919,sessao1,A
8.75,8.236,14.981,sessao1,A
8.76,8.43,14.877,sessao1,A
8.77,8.793,14.907,sessao1,A
8.78,8.861,14.9,sessao1,A
8.79,8.942,14.868,sessao1,A
8.8,7.688,14.878,sessao1,A
8.81,8.369,14.849,sessao1,A
8.82,7.639,14.95,sessao1,A
8.83,8.353,14.863,sessao1,A
8.84,8.009,14.873,sessao1,A
8.85,8.758,14.888,sessao1,A
8.86,8.797,14.866,sessao1,A
8.87,8.299,14.775,sessao1,A
8.88,8.673,14.866,sessao1,A
8.89,8.703,14.905,sessao1,A
8.9,8.328,14.978,sessao1,A
8.91,8.819,14.862,sessao1,A
8.92,8.536,14.828,sessao1,A
8.93,9.015,14.843,sessao1,A
8.94,8.867,14.884,sessao1,A
8.95,8.729,14.846,sessao1,A
8.96,8.914,14.948,sessao1,A
8.97,8.931,14.887,sessao1,A
8.98,8.773,14.824,sessao1,A
8.99,8.339,14.843,sessao1,A
9.0,8.736,14.823,sessao1,A
9.01,8.335,14.857,sessao1,A
9.02,8.654,14.873,sessao1,A
9.03,8.212,14.806,sessao1,A
9.04,8.893,14.863,sessao1,A
9.05,8.692,14.869,sessao1,A
9.06,8.675,14.72,sessao1,A
9.07,8.417,14.789,sessao1,A
9.08,8.051,14.911,sessao1,A
9.09,8.337,14.87,sessao1,A
9.1,8.475,14.794,sessao1,A
9.11,9.05,14.77,sessao1,A
9.12,8.883,14.848,sessao1,A
9.13,9.015,14.845,sessao1,A
9.14,8.64,14.822,sessao1,A
9.15,8.541,14.751,sessao1,A
9.16,8.443,14.804,sessao1,A
9.17,8.898,14.801,sessao1,A
9.18,8.897,14.84,sessao1,A
9.19,9.017,14.8,sessao1,A
9.2,8.248,14.851,sessao1,A
9.21,8.775,14.821,sessao1,A
9.22,9.272,14.918,sessao1,A
9.23,8.813,14.77,sessao1,A
9.24,8.493,14.69,sessao1,A
9.25,8.713,14.828,sessao1,A
9.26,9.208,14.882,sessao1,A
9.27,8.876,14.804,sessao1,A
9.28,9.157,14.827,sessao1,A
9.29,8.692,14.742,sessao1,A
9.3,9.174,14.811,sessao1,A
9.31,8.581,14.855,sessao1,A
9.32,8.813,14.766,sessao1,A
9.33,9.002,14.858,sessao1,A
9.34,8.992,14.803,sessao1,A
9.35,8.594,14.782,sessao1,A
9.36,8.029,14.856,sessao1,A
9.37,9.088,14.793,sessao1,A
9.38,8.965,14.714,sessao1,A
9.39,8.799,14.825,sessao1,A
9.4,9.161,14.768,sessao1,A
9.41,8.793,14.682,sessao1,A
9.42,8.814,14.731,sessao1,A
9.43,8.913,14.851,sessao1,A
9.44,8.779,14.779,sessao1,A
9.45,9.009,14.737,sessao1,A
9.46,9.215,14.741,sessao1,A
9.47,9.401,14.794,sessao1,A
9.48,8.751,14.81,sessao1,A
9.49,8.37,14.784,sessao1,A
9.5,9.038,14.711,sessao1,A
9.51,9.265,14.765,sessao1,A
9.52,8.831,14.762,sessao1,A
9.53,9.232,14.751,sessao1,A
9.54,9.456,14.828,sessao1,A
9.55,8.888,14.723,sessao1,A
9.56,9.389,14.724,sessao1,A
9.57,9.724,14.829,sessao1,A
9.58,9.615,14.756,sessao1,A
9.59,9.272,14.799,sessao1,A
9.6,8.948,14.75,sessao1,A
9.61,8.666,14.768,sessao1,A
9.62,9.524,14.725,sessao1,A
9.63,9.364,14.804,sessao1,A
9.64,9.082,14.847,sessao1,A
9.65,8.627,14.761,sessao1,A
9.66,9.322,14.701,sessao1,A
9.67,9.372,14.809,sessao1,A
9.68,9.288,14.797,sessao1,A
9.69,9.06,14.743,sessao1,A
9.7,9.02,14.765,sessao1,A
9.71,9.868,14.794,sessao1,A
9.72,9.655,14.722,sessao1,A
9.73,9.272,14.77,sessao1,A
9.74,9.125,14.772,sessao1,A
9.75,9.403,14.825,sessao1,A
9.76,9.829,14.754,sessao1,A
9.77,9.514,14.74,sessao1,A
9.78,9.901,14.709,sessao1,A
9.79,9.95,14.723,sessao1,A
9.8,9.859,14.702,sessao1,A
9.81,9.355,14.757,sessao1,A
9.82,9.843,14.722,sessao1,A
9.83,9.431,14.781,sessao1,A
9.84,9.223,14.684,sessao1,A
9.85,10.324,14.792,sessao1,A
9.86,9.961,14.654,sessao1,A
9.87,10.145,14.803,sessao1,A
9.88,9.453,14.797,sessao1,A
9.89,10.313,14.854,sessao1,A
9.9,10.091,14.75,sessao1,A
9.91,10.318,14.707,sessao1,A
9.92,9.981,14.708,sessao1,A
9.93,10.445,14.706,sessao1,A
9.94,9.809,14.794,sessao1,A
9.95,9.812,14.647,sessao1,A
9.96,9.342,14.758,sessao1,A
9.97,10.155,14.712,sessao1,A
9.98,10.115,14.793,sessao1,A
9.99,10.427,14.625,sessao1,A
10.0,10.23,14.681,sessao1,A
10.01,11.896,14.866,sessao1,A
10.02,12.596,14.926,sessao1,A
10.03,13.273,15.114,sessao1,A
10.04,13.72,15.31,sessao1,A
10.05,14.309,15.552,sessao1,A
10.06,14.054,15.741,sessao1,A
10.07,13.774,15.931,sessao1,A
10.08,14.615,16.005,sessao1,A
10.09,14.738,16.221,sessao1,A
10.1,14.736,16.378,sessao1,A
10.11,14.12,16.594,sessao1,A
10.12,13.972,16.823,sessao1,A
10.13,13.856,17.019,sessao1,A
10.14,13.261,17.232,sessao1,A
10.15,12.886,17.335,sessao1,A
10.16,12.251,17.589,sessao1,A
10.17,11.4,17.861,sessao1,A
10.18,11.359,18.1,sessao1,A
10.19,10.921,18.229,sessao1,A
10.2,9.996,18.514,sessao1,A
10.21,9.77,18.652,sessao1,A
10.22,9.677,18.91,sessao1,A
10.23,8.859,19.248,sessao1,A
10.24,9.199,19.421,sessao1,A
10.25,9.514,19.657,sessao1,A
10.26,8.781,19.898,sessao1,A
10.27,9.045,20.166,sessao1,A
10.28,10.089,20.517,sessao1,A
10.29,9.592,20.738,sessao1,A
10.3,10.001,21.029,sessao1,A
10.31,10.587,21.191,sessao1,A
10.32,11.699,21.556,sessao1,A
10.33,12.185,21.866,sessao1,A
10.34,12.314,22.164,sessao1,A
10.35,12.69,22.463,sessao1,A
10.36,13.588,22.786,sessao1,A
10.37,14.311,23.171,sessao1,A
10.38,14.191,23.384,sessao1,A
10.39,14.875,23.67,sessao1,A
10.4,14.725,24.036,sessao1,A
10.41,15.455,24.392,sessao1,A
10.42,15.235,24.742,sessao1,A
10.43,15.058,25.109,sessao1,A
10.44,14.724,25.398,sessao1,A
10.45,15.037,25.802,sessao1,A
10.46,14.874,26.164,sessao1,A
10.47,13.872,26.681,sessao1,A
10.48,13.859,26.993,sessao1,A
10.49,12.769,27.383,sessao1,A
10.5,12.223,27.814,sessao1,A
10.51,11.369,28.209,sessao1,A
10.52,10.883,28.768,sessao1,A
10.53,10.767,29.152,sessao1,A
10.54,10.03,29.487,sessao1,A
10.55,10.266,30.022,sessao1,A
10.56,9.74,30.418,sessao1,A
10.57,9.617,30.902,sessao1,A
10.58,9.905,31.311,sessao1,A
10.59,10.113,31.905,sessao1,A
10.6,9.109,32.327,sessao1,A
10.61,9.802,32.915,sessao1,A
10.62,9.573,33.354,sessao1,A
10.63,10.768,33.837,sessao1,A
10.64,11.44,34.471,sessao1,A
10.65,11.961,35.062,sessao1,A
10.66,12.395,35.498,sessao1,A
10.67,12.877,36.154,sessao1,A
10.68,14.112,36.829,sessao1,A
10.69,13.778,37.351,sessao1,A
10.7,15.016,37.841,sessao1,A
10.71,15.374,38.561,sessao1,A
10.72,14.981,39.078,sessao1,A
10.73,15.692,39.822,sessao1,A
10.74,15.588,40.484,sessao1,A
10.75,15.809,41.029,sessao1,A
10.76,15.745,41.758,sessao1,A
10.77,15.825,42.561,sessao1,A
10.78,15.353,43.184,sessao1,A
10.79,14.557,43.88,sessao1,A
10.8,14.301,44.712,sessao1,A
10.81,14.041,45.454,sessao1,A
10.82,13.302,46.11,sessao1,A
10.83,12.801,46.941,sessao1,A
10.84,12.086,47.725,sessao1,A
10.85,11.624,48.628,sessao1,A
10.86,11.295,49.43,sessao1,A
10.87,10.882,50.191,sessao1,A
10.88,10.903,51.217,sessao1,A
10.89,10.066,52.031,sessao1,A
10.9,10.41,52.897,sessao1,A
10.91,9.763,53.851,sessao1,A
10.92,10.623,54.794,sessao1,A
10.93,10.14,55.776,sessao1,A
10.94,10.299,56.721,sessao1,A
10.95,9.958,57.702,sessao1,A
10.96,10.692,58.647,sessao1,A
10.97,11.412,59.805,sessao1,A
10.98,11.548,60.774,sessao1,A
10.99,12.035,61.751,sessao1,A
11.0,11.362,61.6,sessao1,A
11.01,11.604,61.569,sessao1,A
11.02,11.761,61.3,sessao1,A
11.03,11.814,61.111,sessao1,A
11.04,11.026,60.973,sessao1,A
11.05,11.735,60.746,sessao1,A
11.06,11.539,60.621,sessao1,A
11.07,11.501,60.375,sessao1,A
11.08,11.486,60.206,sessao1,A
11.09,11.598,59.949,sessao1,A
11.1,11.559,59.833,sessao1,A
11.11,10.78,59.697,sessao1,A
11.12,11.349,59.429,sessao1,A
11.13,11.46,59.324,sessao1,A
11.14,12.025,59.178,sessao1,A
11.15,11.52,58.993,sessao1,A
11.16,11.525,58.795,sessao1,A
11.17,11.795,58.607,sessao1,A
11.18,11.867,58.392,sessao1,A
11.19,12.212,58.296,sessao1,A
11.2,12.101,58.088,sessao1,A
11.21,11.56,57.854,sessao1,A
11.22,11.544,57.695,sessao1,A
11.23,11.575,57.569,sessao1,A
11.24,11.235,57.371,sessao1,A
11.25,10.868,57.131,sessao1,A
11.26,11.448,57.161,sessao1,A
11.27,11.813,56.847,sessao1,A
11.28,11.687,56.762,sessao1,A
11.29,11.085,56.514,sessao1,A
11.3,11.301,56.34,sessao1,A
11.31,11.168,56.116,sessao1,A
11.32,10.94,55.983,sessao1,A
11.33,12.009,55.917,sessao1,A
11.34,12.041,55.674,sessao1,A
11.35,10.889,55.513,sessao1,A
11.36,11.209,55.328,sessao1,A
11.37,11.754,55.067,sessao1,A
11.38,11.876,54.947,sessao1,A
11.39,11.414,54.84,sessao1,A
11.4,11.245,54.751,sessao1,A
11.41,12.101,54.532,sessao1,A
11.42,11.835,54.365,sessao1,A
11.43,11.664,54.235,sessao1,A
11.44,11.854,53.996,sessao1,A
11.45,11.425,53.933,sessao1,A
11.46,11.505,53.754,sessao1,A
11.47,11.204,53.644,sessao1,A
11.48,11.384,53.386,sessao1,A
11.49,11.299,53.287,sessao1,A
11.5,11.652,53.121,sessao1,A
11.51,11.857,52.852,sessao1,A
11.52,11.317,52.884,sessao1,A
11.53,11.308,52.723,sessao1,A
11.54,12.076,52.546,sessao1,A
11.55,11.785,52.363,sessao1,A
11.56,11.137,52.213,sessao1,A
11.57,11.224,52.029,sessao1,A
11.58,11.182,51.928,sessao1,A
11.59,11.097,51.831,sessao1,A
11.6,11.228,51.6,sessao1,A
11.61,11.517,51.405,sessao1,A
11.62,11.121,51.375,sessao1,A
11.63,11.168,51.12,sessao1,A
11.64,11.274,51.023,sessao1,A
11.65,11.747,50.85,sessao1,A
11.66,11.007,50.647,sessao1,A
11.67,11.453,50.51,sessao1,A
11.68,12.034,50.402,sessao1,A
11.69,11.447,50.354,sessao1,A
11.7,11.335,50.16,sessao1,A
11.71,11.176,49.977,sessao1,A
11.72,10.69,49.826,sessao1,A
11.73,11.024,49.822,sessao1,A
11.74,11.309,49.614,sessao1,A
11.75,11.53,49.425,sessao1,A
11.76,11.174,49.219,sessao1,A
11.77,11.101,49.262,sessao1,A
11.78,11.28,48.978,sessao1,A
11.79,11.341,48.871,sessao1,A
11.8,11.136,48.808,sessao1,A
11.81,11.48,48.578,sessao1,A
11.82,11.348,48.432,sessao1,A
11.83,10.591,48.3,sessao1,A
11.84,11.628,48.129,sessao1,A
11.85,10.803,48.125,sessao1,A
11.86,11.447,47.887,sessao1,A
11.87,10.529,47.806,sessao1,A
11.88,10.975,47.764,sessao1,A
11.89,11.001,47.428,sessao1,A
11.9,11.201,47.387,sessao1,A
11.91,11.188,47.237,sessao1,A
11.92,11.438,47.186,sessao1,A
11.93,11.394,46.995,sessao1,A
11.94,10.86,46.922,sessao1,A
11.95,11.092,46.823,sessao1,A
11.96,11.089,46.619,sessao1,A
11.97,10.911,46.534,sessao1,A
11.98,11.028,46.376,sessao1,A
11.99,10.85,46.201,sessao1,A
12.0,10.8,46.038,sessao1,A
12.01,11.125,46.023,sessao1,A
12.02,10.241,45.894,sessao1,A
12.03,11.03,45.748,sessao1,A
12.04,10.93,45.585,sessao1,A
12.05,10.363,45.562,sessao1,A
12.06,10.534,45.381,sessao1,A
12.07,10.658,45.219,sessao1,A
12.08,10.611,45.121,sessao1,A
12.09,10.663,44.876,sessao1,A
12.1,10.806,44.88,sessao1,A
12.11,10.657,44.822,sessao1,A
12.12,10.857,44.672,sessao1,A
12.13,10.196,44.418,sessao1,A
12.14,10.233,44.373,sessao1,A
12.15,10.791,44.161,sessao1,A
12.16,11.276,43.975,sessao1,A
12.17,10.413,44.041,sessao1,A
12.18,10.37,43.944,sessao1,A
12.19,10.734,43.807,sessao1,A
12.2,10.986,43.648,sessao1,A
12.21,10.197,43.53,sessao1,A
12.22,10.402,43.479,sessao1,A
12.23,11.12,43.397,sessao1,A
12.24,10.71,43.29,sessao1,A
12.25,11.107,43.037,sessao1,A
12.26,10.331,42.932,sessao1,A
12.27,10.339,42.889,sessao1,A
12.28,9.873,42.767,sessao1,A
12.29,10.046,42.691,sessao1,A
12.3,9.932,42.437,sessao1,A
12.31,10.333,42.452,sessao1,A
12.32,9.993,42.347,sessao1,A
12.33,10.215,42.211,sessao1,A
12.34,10.153,42.062,sessao1,A
12.35,10.519,41.996,sessao1,A
12.36,9.92,41.801,sessao1,A
12.37,10.215,41.844,sessao1,A
12.38,10.184,41.69,sessao1,A
12.39,10.198,41.612,sessao1,A
12.4,10.074,41.47,sessao1,A
12.41,10.186,41.31,sessao1,A
12.42,10.246,41.23,sessao1,A
12.43,10.043,41.185,sessao1,A
12.44,9.97,40.914,sessao1,A
12.45,10.441,40.808,sessao1,A
12.46,9.593,40.833,sessao1,A
12.47,9.258,40.592,sessao1,A
12.48,10.005,40.617,sessao1,A
12.49,10.144,40.523,sessao1,A
12.5,9.894,40.383,sessao1,A
12.51,9.759,40.229,sessao1,A
12.52,10.597,40.171,sessao1,A
12.53,9.778,40.051,sessao1,A
12.54,9.601,40.053,sessao1,A
12.55,9.718,39.852,sessao1,A
12.56,9.803,39.64,sessao1,A
12.57,9.601,39.65,sessao1,A
12.58,10.16,39.512,sessao1,A
12.59,9.948,39.446,sessao1,A
12.6,10.035,39.31,sessao1,A
12.61,9.529,39.232,sessao1,A
12.62,9.234,39.174,sessao1,A
12.63,9.765,39.019,sessao1,A
12.64,9.413,38.908,sessao1,A
12.65,9.379,38.837,sessao1,A
12.66,9.575,38.755,sessao1,A
12.67,9.792,38.61,sessao1,A
12.68,9.916,38.575,sessao1,A
12.69,9.913,38.441,sessao1,A
12.7,9.098,38.355,sessao1,A
12.71,9.743,38.28,sessao1,A
12.72,9.343,38.244,sessao1,A
12.73,9.527,38.087,sessao1,A
12.74,10.065,38.018,sessao1,A
12.75,9.459,37.937,sessao1,A
12.76,10.231,37.738,sessao1,A
12.77,9.285,37.677,sessao1,A
12.78,9.097,37.66,sessao1,A
12.79,9.22,37.572,sessao1,A
12.8,8.908,37.457,sessao1,A
12.81,9.144,37.375,sessao1,A
12.82,9.591,37.206,sessao1,A
12.83,9.435,37.211,sessao1,A
12.84,9.692,37.064,sessao1,A
12.85,8.961,36.973,sessao1,A
12.86,8.731,36.914,sessao1,A
12.87,9.177,36.843,sessao1,A
12.88,9.534,36.786,sessao1,A
12.89,8.688,36.682,sessao1,A
12.9,9.152,36.583,sessao1,A
12.91,9.396,36.429,sessao1,A
12.92,8.188,36.343,sessao1,A
12.93,9.166,36.275,sessao1,A
12.94,9.233,36.232,sessao1,A
12.95,9.163,36.086,sessao1,A
12.96,9.292,35.958,sessao1,A
12.97,8.56,35.886,sessao1,A
12.98,9.025,35.854,sessao1,A
12.99,9.255,35.744,sessao1,A
13.0,8.872,35.767,sessao1,A
13.01,9.628,35.564,sessao1,A
13.02,8.87,35.476,sessao1,A
13.03,9.321,35.412,sessao1,A
13.04,8.799,35.362,sessao1,A
13.05,9.015,35.256,sessao1,A
13.06,9.078,35.15,sessao1,A
13.07,9.69,35.122,sessao1,A
13.08,9.004,34.923,sessao1,A
13.09,9.075,34.962,sessao1,A
13.1,9.183,34.902,sessao1,A
13.11,8.912,34.797,sessao1,A
13.12,8.937,34.55,sessao1,A
13.13,8.885,34.718,sessao1,A
13.14,9.009,34.497,sessao1,A
13.15,8.6,34.474,sessao1,A
13.16,8.473,34.278,sessao1,A
13.17,8.908,34.292,sessao1,A
13.18,8.83,34.209,sessao1,A
13.19,8.749,34.135,sessao1,A
13.2,8.649,34.079,sessao1,A
13.21,8.487,33.95,sessao1,A
13.22,9.043,33.814,sessao1,A
13.23,8.503,33.8,sessao1,A
13.24,8.849,33.666,sessao1,A
13.25,8.683,33.606,sessao1,A
13.26,9.407,33.597,sessao1,A
13.27,8.422,33.472,sessao1,A
13.28,9.327,33.409,sessao1,A
13.29,8.926,33.299,sessao1,A
13.3,8.854,33.298,sessao1,A
13.31,8.975,33.264,sessao1,A
13.32,9.078,33.18,sessao1,A
13.33,8.481,33.013,sessao1,A
13.34,8.612,32.929,sessao1,A
13.35,8.745,32.838,sessao1,A
13.36,8.659,32.805,sessao1,A
13.37,8.395,32.784,sessao1,A
13.38,8.464,32.734,sessao1,A
13.39,8.904,32.59,sessao1,A
13.4,8.844,32.53,sessao1,A
13.41,8.697,32.533,sessao1,A
13.42,8.539,32.409,sessao1,A
13.43,8.366,32.296,sessao1,A
13.44,8.754,32.214,sessao1,A
13.45,8.898,32.191,sessao1,A
13.46,8.235,32.058,sessao1,A
13.47,8.749,32.048,sessao1,A
13.48,8.618,31.969,sessao1,A
13.49,8.21,31.888,sessao1,A
13.5,8.107,31.829,sessao1,A
13.51,9.22,31.824,sessao1,A
13.52,8.866,31.803,sessao1,A
13.53,8.507,31.594,sessao1,A
13.54,8.5,31.585,sessao1,A
13.55,8.37,31.462,sessao1,A
13.56,8.645,31.455,sessao1,A
13.57,8.962,31.352,sessao1,A
13.58,8.654,31.289,sessao1,A
13.59,8.824,31.217,sessao1,A
13.6,8.552,31.122,sessao1,A
13.61,8.247,31.103,sessao1,A
13.62,8.489,31.09,sessao1,A
13.63,8.983,30.935,sessao1,A
13.64,8.524,30.937,sessao1,A
13.65,8.365,30.773,sessao1,A
13.66,8.91,30.786,sessao1,A
13.67,8.639,30.648,sessao1,A
13.68,8.603,30.606,sessao1,A
13.69,8.184,30.514,sessao1,A
13.7,9.124,30.481,sessao1,A
13.71,8.969,30.465,sessao1,A
13.72,8.024,30.275,sessao1,A
13.73,8.722,30.366,sessao1,A
13.74,8.154,30.212,sessao1,A
13.75,8.997,30.211,sessao1,A
13.76,8.225,30.087,sessao1,A
13.77,8.536,30.008,sessao1,A
13.78,8.54,30.049,sessao1,A
13.79,8.241,29.837,sessao1,A
13.8,8.343,29.822,sessao1,A
13.81,8.226,29.719,sessao1,A
13.82,8.884,29.651,sessao1,A
13.83,8.442,29.685,sessao1,A
13.84,8.722,29.633,sessao1,A
13.85,8.45,29.623,sessao1,A
13.86,8.456,29.462,sessao1,A
13.87,8.425,29.481,sessao1,A
13.88,8.407,29.351,sessao1,A
13.89,8.578,29.263,sessao1,A
13.9,8.855,29.176,sessao1,A
13.91,8.517,29.211,sessao1,A
13.92,9.114,29.126,sessao1,A
13.93,8.846,29.031,sessao1,A
13.94,8.055,29.104,sessao1,A
13.95,8.967,29.011,sessao1,A
13.96,8.832,28.919,sessao1,A
13.97,8.283,28.897,sessao1,A
13.98,9.066,28.707,sessao1,A
13.99,8.505,28.738,sessao1,A
14.0,8.526,28.61,sessao1,A
14.01,9.014,28.703,sessao1,A
14.02,8.814,28.536,sessao1,A
14.03,8.292,28.49,sessao1,A
14.04,8.299,28.403,sessao1,A
14.05,8.521,28.385,sessao1,A
14.06,8.498,28.285,sessao1,A
14.07,8.347,28.232,sessao1,A
14.08,8.914,28.19,sessao1,A
14.09,8.627,28.175,sessao1,A
14.1,8.777,28.149,sessao1,A
14.11,8.673,28.085,sessao1,A
14.12,8.729,28.049,sessao1,A
14.13,8.726,27.91,sessao1,A
14.14,8.575,27.915,sessao1,A
14.15,8.48,27.865,sessao1,A
14.16,8.507,27.843,sessao1,A
14.17,8.752,27.709,sessao1,A
14.18,9.13,27.714,sessao1,A
14.19,8.872,27.65,sessao1,A
14.2,8.745,27.57,sessao1,A
14.21,8.817,27.538,sessao1,A
14.22,8.488,27.55,sessao1,A
14.23,8.657,27.382,sessao1,A
14.24,8.574,27.364,sessao1,A
14.25,9.376,27.337,sessao1,A
14.26,8.772,27.216,sessao1,A
14.27,8.656,27.269,sessao1,A
14.28,9.199,27.109,sessao1,A
14.29,8.598,27.083,sessao1,A
14.3,8.606,27.035,sessao1,A
14.31,9.132,26.992,sessao1,A
14.32,8.979,26.99,sessao1,A
14.33,8.876,26.805,sessao1,A
14.34,8.977,26.959,sessao1,A
14.35,8.872,26.842,sessao1,A
14.36,9.242,26.69,sessao1,A
14.37,8.621,26.752,sessao1,A
14.38,8.95,26.714,sessao1,A
14.39,9.531,26.596,sessao1,A
14.4,8.746,26.616,sessao1,A
14.41,8.648,26.539,sessao1,A
14.42,9.649,26.536,sessao1,A
14.43,8.648,26.381,sessao1,A
14.44,9.122,26.445,sessao1,A
14.45,8.917,26.359,sessao1,A
14.46,9.304,26.272,sessao1,A
14.47,8.139,26.294,sessao1,A
14.48,9.394,26.172,sessao1,A
14.49,9.158,26.135,sessao1,A
14.5,9.07,26.157,sessao1,A
14.51,9.109,26.139,sessao1,A
14.52,9.45,25.956,sessao1,A
14.53,8.805,25.951,sessao1,A
14.54,9.225,25.849,sessao1,A
14.55,8.985,25.801,sessao1,A
14.56,9.431,25.757,sessao1,A
14.57,9.368,25.858,sessao1,A
14.58,9.123,25.72,sessao1,A
14.59,9.461,25.756,sessao1,A
14.6,9.397,25.674,sessao1,A
14.61,9.444,25.693,sessao1,A
14.62,9.392,25.532,sessao1,A
14.63,9.044,25.446,sessao1,A
14.64,9.292,25.533,sessao1,A
14.65,9.002,25.428,sessao1,A
14.66,9.894,25.402,sessao1,A
14.67,8.783,25.361,sessao1,A
14.68,9.734,25.249,sessao1,A
14.69,9.205,25.335,sessao1,A
14.7,9.448,25.219,sessao1,A
14.71,9.288,25.26,sessao1,A
14.72,9.634,25.031,sessao1,A
14.73,10.275,25.081,sessao1,A
14.74,9.414,25.06,sessao1,A
14.75,9.919,24.998,sessao1,A
14.76,8.834,24.911,sessao1,A
14.77,9.349,24.848,sessao1,A
14.78,9.197,24.851,sessao1,A
14.79,10.062,24.819,sessao1,A
14.8,9.25,24.758,sessao1,A
14.81,9.906,24.701,sessao1,A
14.82,9.718,24.826,sessao1,A
14.83,9.274,24.57,sessao1,A
14.84,9.626,24.587,sessao1,A
14.85,9.862,24.524,sessao1,A
14.86,9.673,24.422,sessao1,A
14.87,9.641,24.564,sessao1,A
14.88,9.805,24.511,sessao1,A
14.89,10.043,24.515,sessao1,A
14.9,9.864,24.347,sessao1,A
14.91,9.933,24.361,sessao1,A
14.92,10.062,24.205,sessao1,A
14.93,9.932,24.258,sessao1,A
14.94,10.076,24.274,sessao1,A
14.95,9.968,24.181,sessao1,A
14.96,9.574,24.147,sessao1,A
14.97,10.226,24.093,sessao1,A
14.98,10.205,24.14,sessao1,A
14.99,9.614,23.946,sessao1,A
15.0,9.856,24.035,sessao1,A
15.01,9.664,23.936,sessao1,A
15.02,10.373,23.934,sessao1,A
15.03,10.033,23.97,sessao1,A
15.04,10.134,23.821,sessao1,A
15.05,10.211,23.783,sessao1,A
15.06,10.591,23.728,sessao1,A
15.07,10.017,23.729,sessao1,A
15.08,10.382,23.831,sessao1,A
15.09,10.001,23.661,sessao1,A
15.1,10.504,23.629,sessao1,A
15.11,10.073,23.6,sessao1,A
15.12,9.688,23.603,sessao1,A
15.13,10.559,23.439,sessao1,A
15.14,10.154,23.483,sessao1,A
15.15,10.41,23.411,sessao1,A
15.16,10.243,23.432,sessao1,A
15.17,10.085,23.346,sessao1,A
15.18,10.496,23.282,sessao1,A
15.19,10.049,23.265,sessao1,A
15.2,10.638,23.302,sessao1,A
15.21,10.192,23.201,sessao1,A
15.22,9.904,23.218,sessao1,A
15.23,10.664,23.19,sessao1,A
15.24,10.601,23.055,sessao1,A
15.25,10.872,23.11,sessao1,A
15.26,10.047,23.101,sessao1,A
15.27,9.968,22.971,sessao1,A
15.28,10.687,22.954,sessao1,A
15.29,10.122,22.958,sessao1,A
15.3,10.76,23.025,sessao1,A
15.31,10.807,22.969,sessao1,A
15.32,10.389,22.768,sessao1,A
15.33,10.484,22.891,sessao1,A
15.34,10.825,22.848,sessao1,A
15.35,10.551,22.696,sessao1,A
15.36,10.334,22.663,sessao1,A
15.37,11.109,22.66,sessao1,A
15.38,10.755,22.588,sessao1,A
15.39,10.846,22.595,sessao1,A
15.4,11.306,22.593,sessao1,A
15.41,11.0,22.479,sessao1,A
15.42,10.786,22.519,sessao1,A
15.43,10.599,22.546,sessao1,A
15.44,10.345,22.469,sessao1,A
15.45,10.884,22.434,sessao1,A
15.46,10.975,22.365,sessao1,A
15.47,10.763,22.42,sessao1,A
15.48,10.833,22.309,sessao1,A
15.49,11.082,22.315,sessao1,A
15.5,11.065,22.264,sessao1,A
15.51,11.23,22.291,sessao1,A
15.52,10.965,22.18,sessao1,A
15.53,11.072,22.121,sessao1,A
15.54,10.804,22.173,sessao1,A
15.55,11.294,22.058,sessao1,A
15.56,10.745,22.009,sessao1,A
15.57,11.347,21.965,sessao1,A
15.58,11.59,22.008,sessao1,A
15.59,11.485,22.002,sessao1,A
15.6,10.988,21.894,sessao1,A
15.61,11.05,21.965,sessao1,A
15.62,10.41,21.806,sessao1,A
15.63,10.981,21.91,sessao1,A
15.64,11.369,21.863,sessao1,A
15.65,10.392,21.839,sessao1,A
15.66,10.925,21.811,sessao1,A
15.67,11.214,21.791,sessao1,A
15.68,11.251,21.72,sessao1,A
15.69,11.244,21.667,sessao1,A
15.7,11.704,21.608,sessao1,A
15.71,10.616,21.635,sessao1,A
15.72,11.642,21.676,sessao1,A
15.73,10.826,21.468,sessao1,A
15.74,11.113,21.594,sessao1,A
15.75,11.442,21.572,sessao1,A
15.76,10.977,21.474,sessao1,A
15.77,10.924,21.537,sessao1,A
15.78,11.371,21.486,sessao1,A
15.79,11.16,21.432,sessao1,A
15.8,10.973,21.432,sessao1,A
15.81,11.321,21.409,sessao1,A
15.82,11.164,21.261,sessao1,A
15.83,11.04,21.251,sessao1,A
15.84,11.051,21.282,sessao1,A
15.85,10.795,21.291,sessao1,A
15.86,10.494,21.182,sessao1,A
15.87,11.489,21.295,sessao1,A
15.88,11.334,21.255,sessao1,A
15.89,11.684,21.159,sessao1,A
15.9,10.914,21.047,sessao1,A
15.91,11.629,21.007,sessao1,A
15.92,11.471,21.083,sessao1,A
15.93,11.103,20.925,sessao1,A
15.94,11.454,21.019,sessao1,A
15.95,10.839,20.971,sessao1,A
15.96,11.568,21.006,sessao1,A
15.97,11.224,20.897,sessao1,A
15.98,11.426,20.892,sessao1,A
15.99,11.467,20.916,sessao1,A
16.0,11.102,20.787,sessao1,A
16.01,11.96,20.833,sessao1,A
16.02,11.888,20.824,sessao1,A
16.03,11.395,20.752,sessao1,A
16.04,11.004,20.779,sessao1,A
16.05,11.029,20.754,sessao1,A
16.06,11.949,20.785,sessao1,A
16.07,11.392,20.625,sessao1,A
16.08,11.1,20.695,sessao1,A
16.09,11.862,20.593,sessao1,A
16.1,11.861,20.584,sessao1,A
16.11,11.783,20.534,sessao1,A
16.12,11.477,20.577,sessao1,A
16.13,11.752,20.583,sessao1,A
16.14,11.717,20.51,sessao1,A
16.15,11.484,20.494,sessao1,A
16.16,11.088,20.575,sessao1,A
16.17,10.99,20.354,sessao1,A
16.18,11.503,20.398,sessao1,A
16.19,11.717,20.385,sessao1,A
16.2,10.851,20.311,sessao1,A
16.21,11.95,20.418,sessao1,A
16.22,11.671,20.403,sessao1,A
16.23,10.831,20.338,sessao1,A
16.24,11.984,20.274,sessao1,A
16.25,11.332,20.264,sessao1,A
16.26,11.716,20.28,sessao1,A
16.27,11.463,20.151,sessao1,A
16.28,11.33,20.251,sessao1,A
16.29,11.117,20.117,sessao1,A
16.3,11.193,20.179,sessao1,A
16.31,11.03,20.197,sessao1,A
16.32,11.55,20.106,sessao1,A
16.33,11.63,20.184,sessao1,A
16.34,11.986,20.026,sessao1,A
16.35,11.906,20.016,sessao1,A
16.36,12.082,20.053,sessao1,A
16.37,11.354,19.947,sessao1,A
16.38,11.499,20.006,sessao1,A
16.39,12.283,19.892,sessao1,A
16.4,11.766,19.791,sessao1,A
16.41,11.204,19.851,sessao1,A
16.42,11.481,19.895,sessao1,A
16.43,11.386,19.845,sessao1,A
16.44,11.383,19.814,sessao1,A
16.45,11.564,19.817,sessao1,A
16.46,11.573,19.698,sessao1,A
16.47,11.087,19.762,sessao1,A
16.48,11.843,19.789,sessao1,A
16.49,11.64,19.765,sessao1,A
16.5,11.765,19.637,sessao1,A
16.51,11.399,19.768,sessao1,A
16.52,11.577,19.735,sessao1,A
16.53,11.121,19.667,sessao1,A
16.54,10.909,19.557,sessao1,A
16.55,10.805,19.735,sessao1,A
16.56,11.516,19.572,sessao1,A
16.57,11.321,19.527,sessao1,A
16.58,11.954,19.625,sessao1,A
16.59,11.011,19.572,sessao1,A
16.6,11.248,19.48,sessao1,A
16.61,11.512,19.434,sessao1,A
16.62,11.603,19.54,sessao1,A
16.63,11.6,19.472,sessao1,A
16.64,11.513,19.291,sessao1,A
16.65,11.159,19.373,sessao1,A
16.66,11.105,19.405,sessao1,A
16.67,11.584,19.395,sessao1,A
16.68,11.14,19.249,sessao1,A
16.69,11.497,19.22,sessao1,A
16.7,11.453,19.241,sessao1,A
16.71,11.237,19.245,sessao1,A
16.72,10.879,19.243,sessao1,A
16.73,11.426,19.23,sessao1,A
16.74,11.333,19.212,sessao1,A
16.75,11.512,19.274,sessao1,A
16.76,10.76,19.253,sessao1,A
16.77,11.077,19.193,sessao1,A
16.78,11.661,19.103,sessao1,A
16.79,11.03,19.081,sessao1,A
16.8,10.849,19.163,sessao1,A
16.81,11.434,19.083,sessao1,A
16.82,10.888,19.065,sessao1,A
16.83,10.659,19.012,sessao1,A
16.84,11.086,18.998,sessao1,A
16.85,11.067,19.078,sessao1,A
16.86,10.886,19.023,sessao1,A
16.87,10.944,18.996,sessao1,A
16.88,11.326,18.947,sessao1,A
16.89,11.623,18.904,sessao1,A
16.9,11.059,18.878,sessao1,A
16.91,10.843,18.964,sessao1,A
16.92,11.332,18.911,sessao1,A
16.93,10.801,18.913,sessao1,A
16.94,11.136,18.802,sessao1,A
16.95,10.836,18.874,sessao1,A
16.96,10.879,18.785,sessao1,A
16.97,10.866,18.801,sessao1,A
16.98,10.368,18.806,sessao1,A
16.99,10.873,18.852,sessao1,A
17.0,10.873,18.775,sessao1,A
17.01,10.891,18.659,sessao1,A
17.02,11.026,18.711,sessao1,A
17.03,10.66,18.734,sessao1,A
17.04,10.688,18.784,sessao1,A
17.05,10.748,18.652,sessao1,A
17.06,9.801,18.705,sessao1,A
17.07,10.626,18.602,sessao1,A
17.08,10.267,18.571,sessao1,A
17.09,10.844,18.642,sessao1,A
17.1,10.88,18.593,sessao1,A
17.11,11.176,18.615,sessao1,A
17.12,10.21,18.613,sessao1,A
17.13,10.801,18.579,sessao1,A
17.14,10.889,18.585,sessao1,A
17.15,11.012,18.488,sessao1,A
17.16,11.045,18.464,sessao1,A
17.17,10.802,18.51,sessao1,A
17.18,10.639,18.506,sessao1,A
17.19,10.426,18.474,sessao1,A
17.2,10.368,18.418,sessao1,A
17.21,10.885,18.386,sessao1,A
17.22,10.027,18.382,sessao1,A
17.23,10.16,18.403,sessao1,A
17.24,10.614,18.387,sessao1,A
17.25,10.324,18.43,sessao1,A
17.26,11.051,18.333,sessao1,A
17.27,10.459,18.357,sessao1,A
17.28,10.543,18.335,sessao1,A
17.29,10.204,18.249,sessao1,A
17.3,10.036,18.234,sessao1,A
17.31,10.335,18.271,sessao1,A
17.32,10.009,18.248,sessao1,A
17.33,10.345,18.172,sessao1,A
17.34,10.415,18.238,sessao1,A
17.35,9.899,18.138,sessao1,A
17.36,10.322,18.127,sessao1,A
17.37,9.922,18.141,sessao1,A
17.38,10.455,18.175,sessao1,A
17.39,9.845,18.183,sessao1,A
17.4,9.906,18.172,sessao1,A
17.41,10.159,18.232,sessao1,A
17.42,10.801,18.071,sessao1,A
17.43,10.39,18.078,sessao1,A
17.44,10.201,18.038,sessao1,A
17.45,10.298,18.052,sessao1,A
17.46,10.24,18.01,sessao1,A
17.47,10.416,17.95,sessao1,A
17.48,10.023,17.967,sessao1,A
17.49,9.98,17.995,sessao1,A
17.5,9.729,17.99,sessao1,A
17.51,9.29,18.028,sessao1,A
17.52,9.61,18.017,sessao1,A
17.53,10.261,18.022,sessao1,A
17.54,10.117,17.936,sessao1,A
17.55,10.209,17.954,sessao1,A
17.56,9.741,17.931,sessao1,A
17.57,10.342,17.922,sessao1,A
17.58,9.236,17.91,sessao1,A
17.59,10.341,17.83,sessao1,A
17.6,10.395,17.878,sessao1,A
17.61,9.858,17.83,sessao1,A
17.62,9.308,17.863,sessao1,A
17.63,9.446,17.762,sessao1,A
17.64,10.156,17.738,sessao1,A
17.65,9.015,17.803,sessao1,A
17.66,9.448,17.895,sessao1,A
17.67,10.009,17.762,sessao1,A
17.68,9.964,17.693,sessao1,A
17.69,9.97,17.685,sessao1,A
17.7,9.882,17.706,sessao1,A
17.71,9.2,17.642,sessao1,A
17.72,9.378,17.671,sessao1,A
17.73,9.905,17.575,sessao1,A
17.74,9.878,17.619,sessao1,A
17.75,9.111,17.604,sessao1,A
17.76,9.963,17.676,sessao1,A
17.77,9.867,17.555,sessao1,A
17.78,9.406,17.545,sessao1,A
17.79,9.607,17.561,sessao1,A
17.8,9.387,17.473,sessao1,A
17.81,9.003,17.611,sessao1,A
17.82,9.178,17.522,sessao1,A
17.83,9.162,17.581,sessao1,A
17.84,9.356,17.564,sessao1,A
17.85,9.153,17.526,sessao1,A
17.86,9.673,17.471,sessao1,A
17.87,9.309,17.543,sessao1,A
17.88,9.57,17.565,sessao1,A
17.89,9.207,17.44,sessao1,A
17.9,9.552,17.507,sessao1,A
17.91,9.257,17.475,sessao1,A
17.92,9.119,17.385,sessao1,A
17.93,9.191,17.393,sessao1,A
17.94,8.909,17.379,sessao1,A
17.95,9.287,17.442,sessao1,A
17.96,9.5,17.383,sessao1,A
17.97,9.779,17.365,sessao1,A
17.98,8.741,17.416,sessao1,A
17.99,9.235,17.34,sessao1,A
18.0,9.154,17.305,sessao1,A
18.01,9.396,17.342,sessao1,A
18.02,9.675,17.355,sessao1,A
18.03,9.103,17.315,sessao1,A
18.04,9.017,17.306,sessao1,A
18.05,9.217,17.269,sessao1,A
18.06,8.449,17.253,sessao1,A
18.07,8.913,17.346,sessao1,A
18.08,8.618,17.311,sessao1,A
18.09,9.093,17.29,sessao1,A
18.1,8.923,17.292,sessao1,A
18.11,8.755,17.194,sessao1,A
18.12,9.027,17.173,sessao1,A
18.13,8.99,17.282,sessao1,A
18.14,8.795,17.127,sessao1,A
18.15,9.196,17.17,sessao1,A
18.16,9.14,17.252,sessao1,A
18.17,8.443,17.164,sessao1,A
18.18,8.667,17.201,sessao1,A
18.19,8.865,17.1,sessao1,A
18.2,8.716,17.14,sessao1,A
18.21,8.381,17.14,sessao1,A
18.22,8.827,17.169,sessao1,A
18.23,8.302,17.109,sessao1,A
18.24,9.272,16.994,sessao1,A
18.25,8.556,17.098,sessao1,A
18.26,8.584,17.085,sessao1,A
18.27,8.929,17.076,sessao1,A
18.28,9.72,17.058,sessao1,A
18.29,8.777,17.085,sessao1,A
18.3,8.7,16.961,sessao1,A
18.31,9.027,17.036,sessao1,A
18.32,8.803,17.014,sessao1,A
18.33,8.506,17.013,sessao1,A
18.34,8.825,17.014,sessao1,A
18.35,8.446,16.904,sessao1,A
18.36,8.664,16.954,sessao1,A
18.37,8.728,17.061,sessao1,A
18.38,8.114,16.98,sessao1,A
18.39,8.775,16.921,sessao1,A
18.4,8.7,16.924,sessao1,A
18.41,8.588,16.861,sessao1,A
18.42,8.412,16.887,sessao1,A
18.43,8.593,16.879,sessao1,A
18.44,8.596,16.949,sessao1,A
18.45,8.637,16.952,sessao1,A
18.46,8.788,16.945,sessao1,A
18.47,8.597,16.849,sessao1,A
18.48,8.643,16.803,sessao1,A
18.49,8.546,16.883,sessao1,A
18.5,8.891,16.899,sessao1,A
18.51,8.249,16.822,sessao1,A
18.52,8.55,16.77,sessao1,A
18.53,8.477,16.719,sessao1,A
18.54,9.029,16.791,sessao1,A
18.55,8.449,16.764,sessao1,A
18.56,8.424,16.711,sessao1,A
18.57,8.287,16.732,sessao1,A
18.58,8.732,16.791,sessao1,A
18.59,8.988,16.713,sessao1,A
18.6,8.732,16.699,sessao1,A
18.61,8.72,16.654,sessao1,A
18.62,8.881,16.721,sessao1,A
18.63,8.343,16.691,sessao1,A
18.64,8.722,16.671,sessao1,A
18.65,8.179,16.729,sessao1,A
18.66,8.495,16.761,sessao1,A
18.67,8.135,16.775,sessao1,A
18.68,8.614,16.639,sessao1,A
18.69,8.432,16.55,sessao1,A
18.7,8.556,16.723,sessao1,A
18.71,8.706,16.6,sessao1,A
18.72,8.444,16.579,sessao1,A
18.73,8.538,16.681,sessao1,A
18.74,8.188,16.658,sessao1,A
18.75,8.507,16.596,sessao1,A
18.76,8.288,16.506,sessao1,A
18.77,8.42,16.523,sessao1,A
18.78,8.522,16.615,sessao1,A
18.79,8.395,16.612,sessao1,A
18.8,8.371,16.526,sessao1,A
18.81,8.498,16.523,sessao1,A
18.82,8.225,16.47,sessao1,A
18.83,8.805,16.514,sessao1,A
18.84,8.803,16.554,sessao1,A
18.85,9.044,16.609,sessao1,A
18.86,8.316,16.467,sessao1,A
18.87,8.52,16.509,sessao1,A
18.88,7.944,16.529,sessao1,A
18.89,8.46,16.532,sessao1,A
18.9,8.739,16.519,sessao1,A
18.91,8.79,16.419,sessao1,A
18.92,8.372,16.517,sessao1,A
18.93,8.361,16.487,sessao1,A
18.94,8.999,16.457,sessao1,A
18.95,9.047,16.434,sessao1,A
18.96,8.896,16.343,sessao1,A
18.97,9.142,16.425,sessao1,A
18.98,7.883,16.31,sessao1,A
18.99,8.293,16.368,sessao1,A
19.0,7.976,16.422,sessao1,A
19.01,8.337,16.444,sessao1,A
19.02,8.677,16.329,sessao1,A
19.03,8.661,16.36,sessao1,A
19.04,8.284,16.344,sessao1,A
19.05,8.57,16.295,sessao1,A
19.06,8.681,16.333,sessao1,A
19.07,8.755,16.324,sessao1,A
19.08,8.46,16.446,sessao1,A
19.09,8.798,16.305,sessao1,A
19.1,8.746,16.348,sessao1,A
19.11,8.62,16.27,sessao1,A
19.12,8.335,16.286,sessao1,A
19.13,8.683,16.252,sessao1,A
19.14,8.549,16.278,sessao1,A
19.15,8.889,16.302,sessao1,A
19.16,8.72,16.263,sessao1,A
19.17,8.845,16.309,sessao1,A
19.18,8.618,16.272,sessao1,A
19.19,8.474,16.322,sessao1,A
19.2,9.197,16.307,sessao1,A
19.21,7.764,16.196,sessao1,A
19.22,8.717,16.304,sessao1,A
19.23,8.908,16.356,sessao1,A
19.24,8.676,16.157,sessao1,A
19.25,8.572,16.263,sessao1,A
19.26,8.95,16.294,sessao1,A
19.27,8.778,16.212,sessao1,A
19.28,8.793,16.274,sessao1,A
19.29,8.747,16.254,sessao1,A
19.3,8.545,16.298,sessao1,A
19.31,9.376,16.101,sessao1,A
19.32,8.703,16.131,sessao1,A
19.33,8.551,16.084,sessao1,A
19.34,8.76,16.189,sessao1,A
19.35,8.755,16.166,sessao1,A
19.36,9.374,16.009,sessao1,A
19.37,8.657,16.14,sessao1,A
19.38,8.563,16.034,sessao1,A
19.39,9.207,16.166,sessao1,A
19.4,9.245,16.041,sessao1,A
19.41,9.199,16.055,sessao1,A
19.42,8.982,16.119,sessao1,A
19.43,9.221,16.018,sessao1,A
19.44,9.161,16.132,sessao1,A
19.45,9.003,16.144,sessao1,A
19.46,9.623,16.052,sessao1,A
19.47,9.112,16.095,sessao1,A
19.48,9.748,16.098,sessao1,A
19.49,9.265,16.146,sessao1,A
19.5,9.014,16.079,sessao1,A
19.51,8.406,16.085,sessao1,A
19.52,9.253,15.991,sessao1,A
19.53,9.234,16.062,sessao1,A
19.54,9.391,16.058,sessao1,A
19.55,9.734,16.039,sessao1,A
19.56,8.989,15.881,sessao1,A
19.57,9.48,15.97,sessao1,A
19.58,9.08,16.073,sessao1,A
19.59,9.346,16.075,sessao1,A
19.6,9.248,16.027,sessao1,A
19.61,9.509,15.961,sessao1,A
19.62,9.355,16.053,sessao1,A
19.63,9.633,16.051,sessao1,A
19.64,9.718,16.061,sessao1,A
19.65,8.894,15.961,sessao1,A
19.66,9.387,15.951,sessao1,A
19.67,9.558,16.015,sessao1,A
19.68,9.402,15.97,sessao1,A
19.69,9.224,15.962,sessao1,A
19.7,9.149,16.019,sessao1,A
19.71,9.684,15.997,sessao1,A
19.72,9.679,15.9,sessao1,A
19.73,9.137,15.856,sessao1,A
19.74,10.127,15.911,sessao1,A
19.75,9.008,15.794,sessao1,A
19.76,9.228,15.927,sessao1,A
19.77,9.244,15.936,sessao1,A
19.78,9.808,15.858,sessao1,A
19.79,10.135,15.985,sessao1,A
19.8,9.685,15.894,sessao1,A
19.81,9.632,15.877,sessao1,A
19.82,9.795,15.882,sessao1,A
19.83,9.454,15.807,sessao1,A
19.84,9.292,15.915,sessao1,A
19.85,9.836,15.84,sessao1,A
19.86,9.8,15.905,sessao1,A
19.87,9.657,15.863,sessao1,A
19.88,9.618,15.816,sessao1,A
19.89,9.709,15.884,sessao1,A
19.9,9.796,15.92,sessao1,A
19.91,10.002,15.93,sessao1,A
19.92,10.004,15.83,sessao1,A
19.93,10.019,15.839,sessao1,A
19.94,9.981,15.749,sessao1,A
19.95,9.972,15.808,sessao1,A
19.96,9.873,15.673,sessao1,A
19.97,9.971,15.827,sessao1,A
19.98,10.457,15.696,sessao1,A
19.99,10.248,15.755,sessao1,A
20.0,10.038,15.744,sessao1,A
20.01,10.016,15.813,sessao1,A
20.02,9.677,15.828,sessao1,A
20.03,9.948,15.824,sessao1,A
20.04,9.969,15.708,sessao1,A
20.05,9.892,15.811,sessao1,A
20.06,10.691,15.774,sessao1,A
20.07,10.309,15.626,sessao1,A
20.08,10.758,15.672,sessao1,A
20.09,10.434,15.706,sessao1,A
20.1,10.119,15.748,sessao1,A
20.11,9.999,15.75,sessao1,A
20.12,10.011,15.771,sessao1,A
20.13,10.569,15.725,sessao1,A
20.14,10.751,15.768,sessao1,A
20.15,10.752,15.672,sessao1,A
20.16,10.37,15.654,sessao1,A
20.17,10.008,15.62,sessao1,A
20.18,10.191,15.648,sessao1,A
20.19,10.163,15.655,sessao1,A
20.2,10.315,15.656,sessao1,A
20.21,10.451,15.753,sessao1,A
20.22,10.407,15.642,sessao1,A
20.23,10.469,15.638,sessao1,A
20.24,10.341,15.699,sessao1,A
20.25,10.321,15.743,sessao1,A
20.26,10.105,15.683,sessao1,A
20.27,10.447,15.595,sessao1,A
20.28,10.524,15.573,sessao1,A
20.29,9.946,15.692,sessao1,A
20.3,11.003,15.602,sessao1,A
20.31,10.37,15.676,sessao1,A
20.32,10.767,15.622,sessao1,A
20.33,10.276,15.611,sessao1,A
20.34,10.428,15.594,sessao1,A
20.35,10.756,15.515,sessao1,A
20.36,10.571,15.622,sessao1,A
20.37,10.756,15.596,sessao1,A
20.38,10.383,15.685,sessao1,A
20.39,10.92,15.626,sessao1,A
20.4,10.997,15.698,sessao1,A
20.41,10.751,15.586,sessao1,A
20.42,10.78,15.503,sessao1,A
20.43,10.786,15.615,sessao1,A
20.44,10.784,15.639,sessao1,A
20.45,10.475,15.445,sessao1,A
20.46,10.649,15.545,sessao1,A
20.47,10.748,15.523,sessao1,A
20.48,10.838,15.522,sessao1,A
20.49,10.683,15.573,sessao1,A
20.5,10.779,15.555,sessao1,A
20.51,11.306,15.524,sessao1,A
20.52,10.842,15.434,sessao1,A
20.53,11.006,15.397,sessao1,A
20.54,10.723,15.531,sessao1,A
20.55,10.837,15.486,sessao1,A
20.56,10.733,15.557,sessao1,A
20.57,10.977,15.526,sessao1,A
20.58,11.143,15.545,sessao1,A
20.59,10.851,15.543,sessao1,A
20.6,10.791,15.575,sessao1,A
20.61,10.808,15.473,sessao1,A
20.62,10.714,15.499,sessao1,A
20.63,11.111,15.543,sessao1,A
20.64,10.314,15.537,sessao1,A
20.65,11.621,15.491,sessao1,A
20.66,10.662,15.49,sessao1,A
20.67,10.887,15.435,sessao1,A
20.68,11.204,15.56,sessao1,A
20.69,11.18,15.476,sessao1,A
20.7,11.559,15.461,sessao1,A
20.71,11.553,15.529,sessao1,A
20.72,10.786,15.505,sessao1,A
20.73,11.13,15.387,sessao1,A
20.74,11.242,15.462,sessao1,A
20.75,11.769,15.466,sessao1,A
20.76,10.448,15.421,sessao1,A
20.77,11.763,15.483,sessao1,A
20.78,11.014,15.481,sessao1,A
20.79,11.18,15.382,sessao1,A
20.8,10.428,15.445,sessao1,A
20.81,11.196,15.519,sessao1,A
20.82,10.861,15.488,sessao1,A
20.83,11.444,15.364,sessao1,A
20.84,10.717,15.366,sessao1,A
20.85,11.724,15.37,sessao1,A
20.86,11.976,15.397,sessao1,A
20.87,11.166,15.391,sessao1,A
20.88,11.253,15.417,sessao1,A
20.89,11.371,15.422,sessao1,A
20.9,11.585,15.393,sessao1,A
20.91,11.48,15.405,sessao1,A
20.92,11.501,15.35,sessao1,A
20.93,11.82,15.428,sessao1,A
20.94,11.674,15.436,sessao1,A
20.95,11.298,15.36,sessao1,A
20.96,11.26,15.346,sessao1,A
20.97,11.07,15.402,sessao1,A
20.98,11.487,15.398,sessao1,A
20.99,11.375,15.331,sessao1,A
21.0,10.977,15.373,sessao1,A
21.01,11.611,15.359,sessao1,A
21.02,11.69,15.299,sessao1,A
21.03,11.796,15.336,sessao1,A
21.04,11.561,15.329,sessao1,A
21.05,11.21,15.328,sessao1,A
21.06,11.455,15.35,sessao1,A
21.07,11.451,15.335,sessao1,A
21.08,11.09,15.318,sessao1,A
21.09,11.334,15.303,sessao1,A
21.1,11.968,15.314,sessao1,A
21.11,11.156,15.293,sessao1,A
21.12,11.349,15.237,sessao1,A
21.13,11.358,15.321,sessao1,A
21.14,11.453,15.196,sessao1,A
21.15,11.424,15.29,sessao1,A
21.16,11.468,15.254,sessao1,A
21.17,11.196,15.271,sessao1,A
21.18,11.634,15.326,sessao1,A
21.19,11.455,15.351,sessao1,A
21.2,11.531,15.281,sessao1,A
21.21,11.888,15.345,sessao1,A
21.22,11.313,15.276,sessao1,A
21.23,10.845,15.317,sessao1,A
21.24,11.948,15.261,sessao1,A
21.25,11.743,15.27,sessao1,A
21.26,11.689,15.23,sessao1,A
21.27,11.673,15.214,sessao1,A
21.28,11.492,15.295,sessao1,A
21.29,12.134,15.228,sessao1,A
21.3,11.699,15.283,sessao1,A
21.31,11.119,15.263,sessao1,A
21.32,11.603,15.239,sessao1,A
21.33,11.18,15.191,sessao1,A
21.34,11.255,15.223,sessao1,A
21.35,10.748,15.268,sessao1,A
21.36,11.322,15.278,sessao1,A
21.37,11.492,15.183,sessao1,A
21.38,11.436,15.265,sessao1,A
21.39,11.346,15.227,sessao1,A
21.4,10.958,15.236,sessao1,A
21.41,11.541,15.287,sessao1,A
21.42,11.538,15.26,sessao1,A
21.43,11.778,15.21,sessao1,A
21.44,11.257,15.215,sessao1,A
21.45,11.6,15.245,sessao1,A
21.46,11.568,15.223,sessao1,A
21.47,11.532,15.23,sessao1,A
21.48,11.346,15.179,sessao1,A
21.49,11.358,15.196,sessao1,A
21.5,11.15,15.176,sessao1,A
21.51,11.631,15.158,sessao1,A
21.52,10.877,15.178,sessao1,A
21.53,11.617,15.171,sessao1,A
21.54,10.717,15.236,sessao1,A
21.55,11.535,15.214,sessao1,A
21.56,11.724,15.203,sessao1,A
21.57,11.615,15.197,sessao1,A
21.58,11.38,15.191,sessao1,A
21.59,11.64,15.277,sessao1,A
21.6,11.089,15.185,sessao1,A
21.61,11.425,15.153,sessao1,A
21.62,10.832,15.21,sessao1,A
21.63,11.071,15.184,sessao1,A
21.64,11.93,15.168,sessao1,A
21.65,11.539,15.13,sessao1,A
21.66,11.399,15.215,sessao1,A
21.67,11.607,15.113,sessao1,A
21.68,11.353,15.068,sessao1,A
21.69,11.521,15.151,sessao1,A
21.7,11.767,15.207,sessao1,A
21.71,10.844,15.209,sessao1,A
21.72,11.031,15.18,sessao1,A
21.73,11.119,15.056,sessao1,A
21.74,11.447,15.14,sessao1,A
21.75,11.509,15.173,sessao1,A
21.76,11.674,15.114,sessao1,A
21.77,10.789,15.091,sessao1,A
21.78,10.992,15.168,sessao1,A
21.79,11.359,15.151,sessao1,A
21.8,11.05,15.172,sessao1,A
21.81,10.99,15.085,sessao1,A
21.82,11.025,15.064,sessao1,A
21.83,11.801,15.133,sessao1,A
21.84,11.424,15.13,sessao1,A
21.85,10.844,15.083,sessao1,A
21.86,10.761,15.077,sessao1,A
21.87,10.874,15.132,sessao1,A
21.88,11.185,15.032,sessao1,A
21.89,11.478,15.136,sessao1,A
21.9,10.918,15.114,sessao1,A
21.91,11.213,15.149,sessao1,A
21.92,10.987,15.104,sessao1,A
21.93,10.662,15.057,sessao1,A
21.94,11.046,15.066,sessao1,A
21.95,10.532,15.098,sessao1,A
21.96,11.115,15.103,sessao1,A
21.97,10.519,15.166,sessao1,A
21.98,11.374,15.11,sessao1,A
21.99,10.885,15.067,sessao1,A
22.0,10.757,15.043,sessao1,A
22.01,13.039,15.292,sessao1,A
22.02,13.012,15.383,sessao1,A
22.03,13.634,15.598,sessao1,A
22.04,14.225,15.693,sessao1,A
22.05,15.047,15.871,sessao1,A
22.06,14.797,16.136,sessao1,A
22.07,15.181,16.246,sessao1,A
22.08,15.251,16.435,sessao1,A
22.09,15.603,16.68,sessao1,A
22.1,14.838,16.786,sessao1,A
22.11,15.076,17.081,sessao1,A
22.12,15.17,17.271,sessao1,A
22.13,13.572,17.507,sessao1,A
22.14,13.605,17.641,sessao1,A
22.15,13.011,17.871,sessao1,A
22.16,12.157,18.033,sessao1,A
22.17,12.019,18.376,sessao1,A
22.18,11.531,18.569,sessao1,A
22.19,10.813,18.736,sessao1,A
22.2,10.577,19.009,sessao1,A
22.21,10.214,19.202,sessao1,A
22.22,9.397,19.488,sessao1,A
22.23,9.324,19.654,sessao1,A
22.24,9.202,19.964,sessao1,A
22.25,9.078,20.216,sessao1,A
22.26,9.408,20.557,sessao1,A
22.27,8.889,20.811,sessao1,A
22.28,9.416,21.018,sessao1,A
22.29,9.412,21.315,sessao1,A
22.3,9.777,21.61,sessao1,A
22.31,10.289,21.908,sessao1,A
22.32,11.067,22.183,sessao1,A
22.33,11.514,22.497,sessao1,A
22.34,12.084,22.811,sessao1,A
22.35,12.508,23.213,sessao1,A
22.36,13.669,23.439,sessao1,A
22.37,13.569,23.75,sessao1,A
22.38,14.289,24.226,sessao1,A
22.39,14.705,24.418,sessao1,A
22.4,15.04,24.815,sessao1,A
22.41,14.207,25.152,sessao1,A
22.42,14.781,25.542,sessao1,A
22.43,14.847,25.971,sessao1,A
22.44,14.444,26.28,sessao1,A
22.45,14.156,26.697,sessao1,A
22.46,13.536,27.038,sessao1,A
22.47,13.482,27.57,sessao1,A
22.48,12.328,27.934,sessao1,A
22.49,12.513,28.313,sessao1,A
22.5,11.379,28.664,sessao1,A
22.51,10.594,29.229,sessao1,A
22.52,10.448,29.627,sessao1,A
22.53,9.683,30.061,sessao1,A
22.54,9.466,30.479,sessao1,A
22.55,8.921,31.012,sessao1,A
22.56,8.662,31.478,sessao1,A
22.57,8.083,31.954,sessao1,A
22.58,8.36,32.383,sessao1,A
22.59,8.586,32.927,sessao1,A
22.6,8.348,33.531,sessao1,A
22.61,8.579,33.97,sessao1,A
22.62,9.055,34.577,sessao1,A
22.63,9.39,35.113,sessao1,A
22.64,9.812,35.66,sessao1,A
22.65,10.307,36.229,sessao1,A
22.66,10.408,36.815,sessao1,A
22.67,11.676,37.497,sessao1,A
22.68,12.198,37.999,sessao1,A
22.69,12.13,38.62,sessao1,A
22.7,12.593,39.383,sessao1,A
22.71,13.453,39.916,sessao1,A
22.72,13.63,40.633,sessao1,A
22.73,13.594,41.228,sessao1,A
22.74,13.707,41.92,sessao1,A
22.75,13.862,42.734,sessao1,A
22.76,13.707,43.343,sessao1,A
22.77,13.684,44.189,sessao1,A
22.78,13.201,44.826,sessao1,A
22.79,13.552,45.668,sessao1,A
22.8,12.296,46.301,sessao1,A
22.81,11.841,47.147,sessao1,A
22.82,11.849,47.921,sessao1,A
22.83,10.707,48.774,sessao1,A
22.84,10.716,49.601,sessao1,A
22.85,9.298,50.498,sessao1,A
22.86,9.182,51.281,sessao1,A
22.87,8.583,52.247,sessao1,A
22.88,8.136,53.083,sessao1,A
22.89,7.808,54.078,sessao1,A
22.9,7.68,54.984,sessao1,A
22.91,7.587,55.936,sessao1,A
22.92,7.517,56.878,sessao1,A
22.93,7.786,58.003,sessao1,A
22.94,7.727,58.962,sessao1,A
22.95,8.188,59.981,sessao1,A
22.96,8.8,61.157,sessao1,A
22.97,8.454,62.067,sessao1,A
22.98,9.46,63.217,sessao1,A
22.99,9.99,64.329,sessao1,A
23.0,9.151,64.087,sessao1,A
23.01,9.031,63.956,sessao1,A
23.02,9.228,63.8,sessao1,A
23.03,8.986,63.58,sessao1,A
23.04,8.322,63.41,sessao1,A
23.05,8.962,63.07,sessao1,A
23.06,9.512,62.94,sessao1,A
23.07,8.461,62.85,sessao1,A
23.08,8.885,62.665,sessao1,A
23.09,8.734,62.405,sessao1,A
23.1,8.941,62.147,sessao1,A
23.11,9.192,62.064,sessao1,A
23.12,9.069,61.785,sessao1,A
23.13,8.798,61.691,sessao1,A
23.14,8.917,61.484,sessao1,A
23.15,8.389,61.206,sessao1,A
23.16,8.761,61.089,sessao1,A
23.17,8.961,60.9,sessao1,A
23.18,9.39,60.641,sessao1,A
23.19,8.285,60.455,sessao1,A
23.2,8.91,60.313,sessao1,A
23.21,8.765,60.189,sessao1,A
23.22,8.336,59.978,sessao1,A
23.23,8.831,59.821,sessao1,A
23.24,9.713,59.549,sessao1,A
23.25,8.791,59.412,sessao1,A
23.26,9.044,59.235,sessao1,A
23.27,8.419,59.065,sessao1,A
23.28,9.159,58.876,sessao1,A
23.29,8.438,58.624,sessao1,A
23.3,8.562,58.559,sessao1,A
23.31,8.392,58.419,sessao1,A
23.32,9.157,58.175,sessao1,A
23.33,8.302,57.924,sessao1,A
23.34,8.266,57.78,sessao1,A
23.35,8.199,57.644,sessao1,A
23.36,9.039,57.477,sessao1,A
23.37,8.393,57.248,sessao1,A
23.38,8.328,57.064,sessao1,A
23.39,8.601,56.998,sessao1,A
23.4,8.509,56.767,sessao1,A
23.41,8.441,56.643,sessao1,A
23.42,8.325,56.409,sessao1,A
23.43,8.336,56.24,sessao1,A
23.44,9.097,56.087,sessao1,A
23.45,8.318,55.996,sessao1,A
23.46,8.68,55.856,sessao1,A
23.47,8.44,55.586,sessao1,A
23.48,8.693,55.536,sessao1,A
23.49,9.164,55.232,sessao1,A
23.5,8.641,55.076,sessao1,A
23.51,8.631,54.947,sessao1,A
23.52,8.922,54.696,sessao1,A
23.53,8.347,54.612,sessao1,A
23.54,8.404,54.416,sessao1,A
23.55,8.492,54.264,sessao1,A
23.56,8.904,54.115,sessao1,A
23.57,8.76,54.054,sessao1,A
23.58,8.741,53.858,sessao1,A
23.59,8.778,53.721,sessao1,A
23.6,8.308,53.52,sessao1,A
23.61,8.421,53.36,sessao1,A
23.62,8.175,53.216,sessao1,A
23.63,8.445,53.114,sessao1,A
23.64,8.388,52.953,sessao1,A
23.65,8.358,52.746,sessao1,A
23.66,8.908,52.612,sessao1,A
23.67,8.832,52.381,sessao1,A
23.68,9.478,52.253,sessao1,A
23.69,7.961,52.166,sessao1,A
23.7,8.491,52.046,sessao1,A
23.71,8.843,51.73,sessao1,A
23.72,8.605,51.709,sessao1,A
23.73,8.883,51.615,sessao1,A
23.74,8.4,51.386,sessao1,A
23.75,8.783,51.204,sessao1,A
23.76,8.577,51.157,sessao1,A
23.77,8.203,51.015,sessao1,A
23.78,8.75,50.806,sessao1,A
23.79,8.765,50.684,sessao1,A
23.8,8.819,50.527,sessao1,A
23.81,8.784,50.42,sessao1,A
23.82,9.017,50.195,sessao1,A
23.83,8.091,50.12,sessao1,A
23.84,9.139,50.009,sessao1,A
23.85,8.973,49.844,sessao1,A
23.86,8.905,49.676,sessao1,A
23.87,8.919,49.585,sessao1,A
23.88,8.622,49.372,sessao1,A
23.89,8.558,49.308,sessao1,A
23.9,8.246,49.168,sessao1,A
23.91,8.646,48.999,sessao1,A
23.92,8.586,48.908,sessao1,A
23.93,8.447,48.566,sessao1,A
23.94,8.792,48.534,sessao1,A
23.95,8.748,48.444,sessao1,A
23.96,8.762,48.35,sessao1,A
23.97,8.729,48.147,sessao1,A
23.98,8.298,47.974,sessao1,A
23.99,8.187,47.915,sessao1,A
24.0,9.45,47.726,sessao1,A
24.01,8.417,47.666,sessao1,A
24.02,8.582,47.513,sessao1,A
24.03,8.524,47.362,sessao1,A
24.04,8.753,47.29,sessao1,A
24.05,9.197,47.083,sessao1,A
24.06,8.886,47.063,sessao1,A
24.07,8.545,46.782,sessao1,A
24.08,8.937,46.6,sessao1,A
24.09,8.323,46.631,sessao1,A
24.1,9.333,46.455,sessao1,A
24.11,8.601,46.282,sessao1,A
24.12,8.658,46.197,sessao1,A
24.13,8.585,46.073,sessao1,A
24.14,8.229,45.869,sessao1,A
24.15,9.065,45.866,sessao1,A
24.16,9.487,45.82,sessao1,A
24.17,8.786,45.596,sessao1,A
24.18,8.898,45.445,sessao1,A
24.19,8.695,45.312,sessao1,A
24.2,8.473,45.201,sessao1,A
24.21,8.566,44.992,sessao1,A
24.22,9.605,44.971,sessao1,A
24.23,8.894,44.818,sessao1,A
24.24,8.365,44.707,sessao1,A
24.25,8.753,44.577,sessao1,A
24.26,9.176,44.526,sessao1,A
24.27,9.152,44.417,sessao1,A
24.28,9.079,44.214,sessao1,A
24.29,8.444,44.17,sessao1,A
24.3,8.615,44.037,sessao1,A
24.31,9.015,43.87,sessao1,A
24.32,8.802,43.704,sessao1,A
24.33,9.037,43.644,sessao1,A
24.34,8.727,43.475,sessao1,A
24.35,8.476,43.348,sessao1,A
24.36,9.128,43.159,sessao1,A
24.37,8.57,43.208,sessao1,A
24.38,8.948,43.062,sessao1,A
24.39,9.31,43.033,sessao1,A
24.4,8.567,42.831,sessao1,A
24.41,8.541,42.73,sessao1,A
24.42,9.011,42.525,sessao1,A
24.43,9.441,42.497,sessao1,A
24.44,8.942,42.41,sessao1,A
24.45,8.986,42.176,sessao1,A
24.46,9.686,42.058,sessao1,A
24.47,8.827,42.086,sessao1,A
24.48,9.122,41.986,sessao1,A
24.49,9.705,41.822,sessao1,A
24.5,9.026,41.686,sessao1,A
24.51,9.199,41.692,sessao1,A
24.52,8.965,41.495,sessao1,A
24.53,9.127,41.293,sessao1,A
24.54,9.337,41.19,sessao1,A
24.55,8.988,41.17,sessao1,A
24.56,9.685,41.055,sessao1,A
24.57,9.15,40.904,sessao1,A
24.58,9.335,40.829,sessao1,A
24.59,8.93,40.668,sessao1,A
24.6,9.71,40.576,sessao1,A
24.61,9.781,40.475,sessao1,A
24.62,9.255,40.443,sessao1,A
24.63,9.524,40.263,sessao1,A
24.64,9.558,40.276,sessao1,A
24.65,9.373,40.179,sessao1,A
24.66,9.114,39.99,sessao1,A
24.67,9.103,39.855,sessao1,A
24.68,9.222,39.695,sessao1,A
24.69,9.037,39.725,sessao1,A
24.7,9.103,39.569,sessao1,A
24.71,9.911,39.494,sessao1,A
24.72,9.845,39.362,sessao1,A
24.73,9.217,39.396,sessao1,A
24.74,9.154,39.309,sessao1,A
24.75,9.134,39.218,sessao1,A
24.76,9.688,39.041,sessao1,A
24.77,8.956,38.999,sessao1,A
24.78,9.041,38.803,sessao1,A
24.79,9.804,38.706,sessao1,A
24.8,9.861,38.602,sessao1,A
24.81,9.846,38.513,sessao1,A
24.82,9.975,38.41,sessao1,A
24.83,9.538,38.315,sessao1,A
24.84,9.459,38.27,sessao1,A
24.85,9.765,38.054,sessao1,A
24.86,9.54,38.12,sessao1,A
24.87,9.905,37.862,sessao1,A
24.88,10.036,37.889,sessao1,A
24.89,9.969,37.786,sessao1,A
24.9,10.022,37.687,sessao1,A
24.91,9.646,37.535,sessao1,A
24.92,10.394,37.455,sessao1,A
24.93,9.944,37.425,sessao1,A
24.94,9.682,37.328,sessao1,A
24.95,10.012,37.188,sessao1,A
24.96,10.053,37.109,sessao1,A
24.97,10.168,37.02,sessao1,A
24.98,10.023,36.941,sessao1,A
24.99,9.778,36.877,sessao1,A
25.0,9.771,36.734,sessao1,A
25.01,9.908,36.674,sessao1,A
25.02,10.341,36.637,sessao1,A
25.03,10.386,36.59,sessao1,A
25.04,9.976,36.41,sessao1,A
25.05,10.096,36.296,sessao1,A
25.06,10.359,36.289,sessao1,A
25.07,10.342,36.116,sessao1,A
25.08,10.075,36.058,sessao1,A
25.09,10.339,36.002,sessao1,A
25.1,9.903,35.878,sessao1,A
25.11,10.304,35.788,sessao1,A
25.12,9.864,35.783,sessao1,A
25.13,10.268,35.619,sessao1,A
25.14,10.03,35.629,sessao1,A
25.15,10.115,35.498,sessao1,A
25.16,10.46,35.331,sessao1,A
25.17,10.235,35.335,sessao1,A
25.18,10.323,35.187,sessao1,A
25.19,10.358,35.13,sessao1,A
25.2,10.236,35.0,sessao1,A
25.21,10.479,34.959,sessao1,A
25.22,10.54,34.906,sessao1,A
25.23,9.978,34.89,sessao1,A
25.24,9.882,34.754,sessao1,A
25.25,10.779,34.704,sessao1,A
25.26,10.475,34.57,sessao1,A
25.27,10.856,34.488,sessao1,A
25.28,10.366,34.381,sessao1,A
25.29,10.209,34.368,sessao1,A
25.3,10.166,34.272,sessao1,A
25.31,10.619,34.17,sessao1,A
25.32,11.282,34.061,sessao1,A
25.33,10.63,33.984,sessao1,A
25.34,11.349,33.961,sessao1,A
25.35,10.256,33.842,sessao1,A
25.36,11.082,33.823,sessao1,A
25.37,10.896,33.687,sessao1,A
25.38,10.322,33.64,sessao1,A
25.39,11.044,33.513,sessao1,A
25.4,10.519,33.5,sessao1,A
25.41,11.123,33.403,sessao1,A
25.42,10.575,33.355,sessao1,A
25.43,11.365,33.268,sessao1,A
25.44,10.682,33.21,sessao1,A
25.45,10.918,33.042,sessao1,A
25.46,10.927,32.943,sessao1,A
25.47,10.912,32.868,sessao1,A
25.48,10.974,32.865,sessao1,A
25.49,10.757,32.775,sessao1,A
25.5,11.178,32.713,sessao1,A
25.51,10.213,32.646,sessao1,A
25.52,11.081,32.582,sessao1,A
25.53,10.508,32.578,sessao1,A
25.54,10.6,32.373,sessao1,A
25.55,10.982,32.417,sessao1,A
25.56,11.164,32.316,sessao1,A
25.57,11.403,32.184,sessao1,A
25.58,10.505,32.153,sessao1,A
25.59,11.274,32.151,sessao1,A
25.6,10.908,32.031,sessao1,A
25.61,11.173,31.874,sessao1,A
25.62,11.366,31.875,sessao1,A
25.63,11.004,31.782,sessao1,A
25.64,11.229,31.798,sessao1,A
25.65,11.288,31.703,sessao1,A
25.66,11.402,31.647,sessao1,A
25.67,10.999,31.463,sessao1,A
25.68,11.295,31.46,sessao1,A
25.69,11.286,31.415,sessao1,A
25.7,10.63,31.281,sessao1,A
25.71,11.1,31.243,sessao1,A
25.72,10.991,31.187,sessao1,A
25.73,11.203,31.205,sessao1,A
25.74,11.303,31.082,sessao1,A
25.75,11.415,31.143,sessao1,A
25.76,11.199,30.888,sessao1,A
25.77,10.892,30.948,sessao1,A
25.78,11.696,30.846,sessao1,A
25.79,11.249,30.694,sessao1,A
25.8,10.867,30.589,sessao1,A
25.81,11.578,30.599,sessao1,A
25.82,11.067,30.616,sessao1,A
25.83,11.229,30.559,sessao1,A
25.84,11.275,30.422,sessao1,A
25.85,10.934,30.245,sessao1,A
25.86,11.498,30.287,sessao1,A
25.87,10.789,30.298,sessao1,A
25.88,11.902,30.067,sessao1,A
25.89,11.434,29.933,sessao1,A
25.9,11.18,30.08,sessao1,A
25.91,11.917,30.128,sessao1,A
25.92,11.464,29.865,sessao1,A
25.93,11.315,29.865,sessao1,A
25.94,11.332,29.82,sessao1,A
25.95,11.383,29.761,sessao1,A
25.96,11.262,29.698,sessao1,A
25.97,11.237,29.555,sessao1,A
25.98,11.497,29.537,sessao1,A
25.99,11.919,29.464,sessao1,A
26.0,11.337,29.331,sessao1,A
26.01,11.434,29.354,sessao1,A
26.02,11.457,29.276,sessao1,A
26.03,11.308,29.288,sessao1,A
26.04,11.541,29.18,sessao1,A
26.05,11.579,29.158,sessao1,A
26.06,11.935,29.081,sessao1,A
26.07,11.352,28.944,sessao1,A
26.08,11.205,28.965,sessao1,A
26.09,11.809,28.878,sessao1,A
26.1,11.366,28.811,sessao1,A
26.11,11.806,28.734,sessao1,A
26.12,11.427,28.738,sessao1,A
26.13,11.688,28.647,sessao1,A
26.14,11.097,28.61,sessao1,A
26.15,12.001,28.591,sessao1,A
26.16,11.195,28.441,sessao1,A
26.17,11.125,28.482,sessao1,A
26.18,11.242,28.309,sessao1,A
26.19,11.093,28.272,sessao1,A
26.2,11.825,28.255,sessao1,A
26.21,11.437,28.288,sessao1,A
26.22,11.518,28.136,sessao1,A
26.23,11.239,28.127,sessao1,A
26.24,12.44,28.014,sessao1,A
26.25,11.342,27.956,sessao1,A
26.26,11.902,27.956,sessao1,A
26.27,11.472,27.837,sessao1,A
26.28,11.812,27.887,sessao1,A
26.29,11.83,27.791,sessao1,A
26.3,11.568,27.708,sessao1,A
26.31,11.03,27.719,sessao1,A
26.32,11.54,27.575,sessao1,A
26.33,11.573,27.673,sessao1,A
26.34,11.138,27.464,sessao1,A
26.35,11.912,27.534,sessao1,A
26.36,11.298,27.448,sessao1,A
26.37,11.424,27.404,sessao1,A
26.38,11.554,27.262,sessao1,A
26.39,11.284,27.316,sessao1,A
26.4,11.332,27.197,sessao1,A
26.41,12.192,27.299,sessao1,A
26.42,11.372,27.093,sessao1,A
26.43,11.854,27.031,sessao1,A
26.44,11.981,27.007,sessao1,A
26.45,11.014,26.883,sessao1,A
26.46,11.711,26.895,sessao1,A
26.47,11.313,26.835,sessao1,A
26.48,11.927,26.913,sessao1,A
26.49,11.305,26.728,sessao1,A
26.5,12.149,26.582,sessao1,A
26.51,11.495,26.579,sessao1,A
26.52,11.248,26.619,sessao1,A
26.53,11.711,26.48,sessao1,A
26.54,11.97,26.461,sessao1,A
26.55,11.115,26.485,sessao1,A
26.56,11.333,26.42,sessao1,A
26.57,10.913,26.377,sessao1,A
26.58,11.096,26.365,sessao1,A
26.59,11.456,26.19,sessao1,A
26.6,11.603,26.266,sessao1,A
26.61,11.671,26.212,sessao1,A
26.62,11.345,26.16,sessao1,A
26.63,11.036,25.972,sessao1,A
26.64,10.904,26.02,sessao1,A
26.65,11.333,26.049,sessao1,A
26.66,11.081,25.983,sessao1,A
26.67,11.43,25.966,sessao1,A
26.68,11.284,25.839,sessao1,A
26.69,11.307,25.845,sessao1,A
26.7,11.628,25.736,sessao1,A
26.71,11.493,25.765,sessao1,A
26.72,11.386,25.738,sessao1,A
26.73,11.292,25.608,sessao1,A
26.74,11.605,25.554,sessao1,A
26.75,11.371,25.574,sessao1,A
26.76,11.245,25.556,sessao1,A
26.77,11.589,25.484,sessao1,A
26.78,10.974,25.473,sessao1,A
26.79,11.961,25.353,sessao1,A
26.8,11.801,25.219,sessao1,A
26.81,11.381,25.303,sessao1,A
26.82,11.501,25.261,sessao1,A
26.83,11.437,25.167,sessao1,A
26.84,11.418,25.11,sessao1,A
26.85,11.233,25.099,sessao1,A
26.86,11.053,25.119,sessao1,A
26.87,10.972,25.061,sessao1,A
26.88,10.775,24.99,sessao1,A
26.89,11.041,25.023,sessao1,A
26.9,11.62,25.009,sessao1,A
26.91,11.234,24.904,sessao1,A
26.92,10.988,24.722,sessao1,A
26.93,10.539,24.803,sessao1,A
26.94,10.396,24.767,sessao1,A
26.95,11.26,24.698,sessao1,A
26.96,11.38,24.678,sessao1,A
26.97,10.361,24.628,sessao1,A
26.98,10.773,24.484,sessao1,A
26.99,10.779,24.574,sessao1,A
27.0,11.169,24.473,sessao1,A
27.01,11.225,24.545,sessao1,A
27.02,10.466,24.383,sessao1,A
27.03,10.868,24.405,sessao1,A
27.04,11.229,24.353,sessao1,A
27.05,10.415,24.288,sessao1,A
27.06,10.883,24.373,sessao1,A
27.07,10.778,24.229,sessao1,A
27.08,10.877,24.155,sessao1,A
27.09,10.863,24.148,sessao1,A
27.1,10.733,24.079,sessao1,A
27.11,10.751,24.088,sessao1,A
27.12,10.407,23.962,sessao1,A
27.13,10.481,23.984,sessao1,A
27.14,11.092,23.939,sessao1,A
27.15,10.323,23.871,sessao1,A
27.16,11.237,23.989,sessao1,A
27.17,10.695,23.848,sessao1,A
27.18,10.649,23.893,sessao1,A
27.19,11.077,23.73,sessao1,A
27.2,10.426,23.673,sessao1,A
27.21,10.266,23.731,sessao1,A
27.22,10.644,23.688,sessao1,A
27.23,10.616,23.582,sessao1,A
27.24,10.592,23.565,sessao1,A
27.25,11.108,23.588,sessao1,A
27.26,10.68,23.447,sessao1,A
27.27,10.002,23.486,sessao1,A
27.28,10.193,23.509,sessao1,A
27.29,10.489,23.408,sessao1,A
27.3,10.194,23.372,sessao1,A
27.31,10.62,23.35,sessao1,A
27.32,10.358,23.331,sessao1,A
27.33,10.204,23.211,sessao1,A
27.34,10.241,23.18,sessao1,A
27.35,10.2,23.091,sessao1,A
27.36,10.283,23.104,sessao1,A
27.37,10.594,23.054,sessao1,A
27.38,10.071,23.068,sessao1,A
27.39,10.303,22.999,sessao1,A
27.4,10.212,23.129,sessao1,A
27.41,9.438,23.056,sessao1,A
27.42,10.549,22.912,sessao1,A
27.43,10.435,22.956,sessao1,A
27.44,9.659,22.901,sessao1,A
27.45,10.0,22.93,sessao1,A
27.46,9.908,22.809,sessao1,A
27.47,10.173,22.702,sessao1,A
27.48,9.801,22.829,sessao1,A
27.49,10.05,22.669,sessao1,A
27.5,9.954,22.616,sessao1,A
27.51,9.938,22.657,sessao1,A
27.52,10.459,22.601,sessao1,A
27.53,9.604,22.488,sessao1,A
27.54,9.853,22.519,sessao1,A
27.55,9.899,22.463,sessao1,A
27.56,10.352,22.483,sessao1,A
27.57,9.482,22.598,sessao1,A
27.58,9.979,22.397,sessao1,A
27.59,9.846,22.391,sessao1,A
27.6,9.561,22.35,sessao1,A
27.61,9.893,22.357,sessao1,A
27.62,9.713,22.245,sessao1,A
27.63,9.715,22.213,sessao1,A
27.64,9.886,22.243,sessao1,A
27.65,9.778,22.246,sessao1,A
27.66,9.558,22.168,sessao1,A
27.67,9.669,22.192,sessao1,A
27.68,10.048,22.047,sessao1,A
27.69,10.003,22.025,sessao1,A
27.7,9.571,22.081,sessao1,A
27.71,9.294,22.071,sessao1,A
27.72,9.557,22.05,sessao1,A
27.73,9.689,21.955,sessao1,A
27.74,9.247,21.903,sessao1,A
27.75,9.628,21.861,sessao1,A
27.76,9.729,21.917,sessao1,A
27.77,9.606,21.876,sessao1,A
27.78,9.411,21.772,sessao1,A
27.79,9.919,21.808,sessao1,A
27.8,9.548,21.692,sessao1,A
27.81,9.871,21.777,sessao1,A
27.82,9.117,21.82,sessao1,A
27.83,9.173,21.644,sessao1,A
27.84,9.391,21.656,sessao1,A
27.85,9.288,21.637,sessao1,A
27.86,9.557,21.546,sessao1,A
27.87,9.662,21.616,sessao1,A
27.88,9.659,21.536,sessao1,A
27.89,8.915,21.616,sessao1,A
27.9,9.398,21.42,sessao1,A
27.91,9.054,21.454,sessao1,A
27.92,8.798,21.444,sessao1,A
27.93,9.549,21.414,sessao1,A
27.94,9.128,21.351,sessao1,A
27.95,9.355,21.282,sessao1,A
27.96,9.124,21.275,sessao1,A
27.97,9.395,21.181,sessao1,A
27.98,9.197,21.236,sessao1,A
27.99,9.085,21.103,sessao1,A
28.0,8.718,21.242,sessao1,A
28.01,9.072,21.162,sessao1,A
28.02,9.25,21.081,sessao1,A
28.03,8.791,21.036,sessao1,A
28.04,8.996,21.106,sessao1,A
28.05,9.068,21.054,sessao1,A
28.06,8.619,20.989,sessao1,A
28.07,8.932,21.02,sessao1,A
28.08,8.663,20.988,sessao1,A
28.09,8.563,21.023,sessao1,A
28.1,8.938,20.946,sessao1,A
28.11,8.887,20.841,sessao1,A
28.12,9.2,20.827,sessao1,A
28.13,9.071,20.813,sessao1,A
28.14,9.08,20.845,sessao1,A
28.15,8.569,20.8,sessao1,A
28.16,8.91,20.755,sessao1,A
28.17,8.774,20.761,sessao1,A
28.18,8.968,20.731,sessao1,A
28.19,8.764,20.742,sessao1,A
28.2,8.706,20.687,sessao1,A
28.21,8.41,20.652,sessao1,A
28.22,8.601,20.694,sessao1,A
28.23,8.76,20.518,sessao1,A
28.24,8.405,20.575,sessao1,A
28.25,8.454,20.65,sessao1,A
28.26,8.535,20.416,sessao1,A
28.27,8.602,20.651,sessao1,A
28.28,8.79,20.349,sessao1,A
28.29,8.786,20.53,sessao1,A
28.3,8.825,20.398,sessao1,A
28.31,8.665,20.389,sessao1,A
28.32,9.002,20.374,sessao1,A
28.33,9.027,20.389,sessao1,A
28.34,8.973,20.393,sessao1,A
28.35,8.632,20.261,sessao1,A
28.36,8.652,20.229,sessao1,A
28.37,8.529,20.237,sessao1,A
28.38,8.228,20.226,sessao1,A
28.39,8.753,20.24,sessao1,A
28.4,8.73,20.154,sessao1,A
28.41,9.058,20.165,sessao1,A
28.42,8.624,20.144,sessao1,A
28.43,8.393,20.113,sessao1,A
28.44,8.432,20.166,sessao1,A
28.45,8.775,20.107,sessao1,A
28.46,8.243,20.069,sessao1,A
28.47,8.654,19.999,sessao1,A
28.48,8.501,20.018,sessao1,A
28.49,8.829,19.996,sessao1,A
28.5,8.43,19.862,sessao1,A
28.51,9.302,19.88,sessao1,A
28.52,8.138,19.946,sessao1,A
28.53,8.704,19.892,sessao1,A
28.54,8.134,19.826,sessao1,A
28.55,8.252,19.901,sessao1,A
28.56,8.207,19.869,sessao1,A
28.57,8.821,19.82,sessao1,A
28.58,8.927,19.837,sessao1,A
28.59,8.511,19.743,sessao1,A
28.6,8.778,19.709,sessao1,A
28.61,8.248,19.782,sessao1,A
28.62,8.374,19.724,sessao1,A
28.63,8.151,19.635,sessao1,A
28.64,8.627,19.618,sessao1,A
28.65,8.785,19.703,sessao1,A
28.66,8.512,19.658,sessao1,A
28.67,8.406,19.605,sessao1,A
28.68,8.158,19.563,sessao1,A
28.69,8.107,19.517,sessao1,A
28.7,8.296,19.554,sessao1,A
28.71,8.705,19.475,sessao1,A
28.72,8.499,19.451,sessao1,A
28.73,8.568,19.446,sessao1,A
28.74,8.085,19.518,sessao1,A
28.75,8.656,19.546,sessao1,A
28.76,8.991,19.444,sessao1,A
28.77,8.258,19.438,sessao1,A
28.78,8.571,19.374,sessao1,A
28.79,8.504,19.402,sessao1,A
28.8,8.235,19.392,sessao1,A
28.81,8.668,19.343,sessao1,A
28.82,8.308,19.265,sessao1,A
28.83,8.441,19.322,sessao1,A
28.84,7.905,19.255,sessao1,A
28.85,8.163,19.335,sessao1,A
28.86,9.017,19.213,sessao1,A
28.87,8.814,19.305,sessao1,A
28.88,8.361,19.166,sessao1,A
28.89,8.079,19.203,sessao1,A
28.9,8.845,19.168,sessao1,A
28.91,8.641,19.212,sessao1,A
28.92,8.48,19.15,sessao1,A
28.93,8.478,19.102,sessao1,A
28.94,8.665,19.203,sessao1,A
28.95,8.321,19.063,sessao1,A
28.96,8.532,19.105,sessao1,A
28.97,9.205,19.049,sessao1,A
28.98,8.435,19.043,sessao1,A
28.99,8.512,18.979,sessao1,A
29.0,7.813,19.018,sessao1,A
29.01,8.864,18.961,sessao1,A
29.02,8.929,18.88,sessao1,A
29.03,7.963,18.902,sessao1,A
29.04,8.804,19.018,sessao1,A
29.05,8.942,18.839,sessao1,A
29.06,8.716,18.896,sessao1,A
29.07,8.718,18.841,sessao1,A
29.08,9.405,18.876,sessao1,A
29.09,8.677,18.76,sessao1,A
29.1,8.478,18.717,sessao1,A
29.11,8.249,18.789,sessao1,A
29.12,8.561,18.798,sessao1,A
29.13,8.723,18.796,sessao1,A
29.14,9.286,18.609,sessao1,A
29.15,9.25,18.684,sessao1,A
29.16,8.576,18.752,sessao1,A
29.17,8.482,18.653,sessao1,A
29.18,8.756,18.701,sessao1,A
29.19,8.669,18.617,sessao1,A
29.2,8.89,18.674,sessao1,A
29.21,8.749,18.613,sessao1,A
29.22,8.929,18.671,sessao1,A
29.23,8.909,18.574,sessao1,A
29.24,8.835,18.607,sessao1,A
29.25,8.389,18.583,sessao1,A
29.26,8.964,18.5,sessao1,A
29.27,8.735,18.488,sessao1,A
29.28,8.93,18.573,sessao1,A
29.29,9.213,18.484,sessao1,A
29.3,9.041,18.506,sessao1,A
29.31,8.217,18.379,sessao1,A
29.32,8.463,18.442,sessao1,A
29.33,9.127,18.395,sessao1,A
29.34,9.515,18.43,sessao1,A
29.35,8.956,18.461,sessao1,A
29.36,9.474,18.338,sessao1,A
29.37,8.558,18.386,sessao1,A
29.38,9.316,18.364,sessao1,A
29.39,8.99,18.39,sessao1,A
29.4,8.815,18.275,sessao1,A
29.41,8.573,18.323,sessao1,A
29.42,8.973,18.349,sessao1,A
29.43,9.133,18.324,sessao1,A
29.44,9.285,18.231,sessao1,A
29.45,9.195,18.298,sessao1,A
29.46,8.883,18.286,sessao1,A
29.47,9.039,18.161,sessao1,A
29.48,8.902,18.236,sessao1,A
29.49,9.085,18.2,sessao1,A
29.5,9.352,18.161,sessao1,A
29.51,8.896,18.123,sessao1,A
29.52,8.926,18.154,sessao1,A
29.53,9.014,18.112,sessao1,A
29.54,9.389,18.145,sessao1,A
29.55,9.483,18.081,sessao1,A
29.56,9.088,18.072,sessao1,A
29.57,8.997,18.215,sessao1,A
29.58,9.383,18.072,sessao1,A
29.59,9.482,18.091,sessao1,A
29.6,9.338,18.024,sessao1,A
29.61,9.254,17.968,sessao1,A
29.62,9.176,18.013,sessao1,A
29.63,9.534,18.016,sessao1,A
29.64,9.376,17.948,sessao1,A
29.65,9.241,17.894,sessao1,A
29.66,9.353,17.864,sessao1,A
29.67,9.418,17.911,sessao1,A
29.68,9.896,17.837,sessao1,A
29.69,9.22,17.884,sessao1,A
29.7,9.341,17.91,sessao1,A
29.71,9.168,17.889,sessao1,A
29.72,9.499,17.862,sessao1,A
29.73,9.62,17.8,sessao1,A
29.74,9.688,17.878,sessao1,A
29.75,9.326,17.838,sessao1,A
29.76,9.429,17.773,sessao1,A
29.77,9.377,17.833,sessao1,A
29.78,9.833,17.754,sessao1,A
29.79,9.52,17.716,sessao1,A
29.8,9.643,17.79,sessao1,A
29.81,9.541,17.713,sessao1,A
29.82,9.65,17.698,sessao1,A
29.83,9.509,17.706,sessao1,A
29.84,9.796,17.758,sessao1,A
29.85,10.233,17.647,sessao1,A
29.86,9.958,17.794,sessao1,A
29.87,9.838,17.609,sessao1,A
29.88,9.624,17.602,sessao1,A
29.89,9.549,17.55,sessao1,A
29.9,9.589,17.619,sessao1,A
29.91,9.35,17.578,sessao1,A
29.92,9.311,17.635,sessao1,A
29.93,10.61,17.581,sessao1,A
29.94,9.788,17.591,sessao1,A
29.95,10.167,17.547,sessao1,A
29.96,9.742,17.552,sessao1,A
29.97,10.075,17.481,sessao1,A
29.98,10.178,17.582,sessao1,A
29.99,10.107,17.493,sessao1,A
